scenario_id,channel,channel_code,modulation,modulation_code,iot_db,num_interferers,num_ue,rank,num_layers_total,num_rx_ant,num_ue_ant,speed_kmh,delay_spread_ns,carrier_frequency_hz,num_prb,fft_size,mcs_table,mcs_index,num_bits_per_symbol,target_coderate,tb_size,target_ber,channel_mode,num_ber_points,seed,duration_s,channel_file,h_int_file,r_iot_file,wp_mr,wp_lmmse,wp_ideal_mmse,wp_zf,wp_irc,wp_status_mr,wp_status_lmmse,wp_status_ideal_mmse,wp_status_zf,wp_status_irc,gain_db,cond_db,capacity_bpcu_0db,freq_corr,time_corr,num_rx_ant,num_streams
0,uma,3,qpsk,0,16.284514811885607,2,1,2,2,4.0,2,7.2007036817595775,,3500000000.0,8,1024,1,4,2,0.30078125,1416,0.01,frozen,23,197387983,3.1460821628570557,channels/000000/H.npy,channels/000000/H_int.npy,channels/000000/R_iot.npy,20.97581549514374,22.17156611756949,17.204237512874325,22.204911351859177,15.75,ok,ok,ok,ok,ok,-1.7965913800988533,5.087231636047363,3.2970919609069824,0.9957692623138428,0.9999313950538635,4.0,2.0
0,uma,3,qam16,1,16.284514811885607,2,1,2,2,4.0,2,7.2007036817595775,,3500000000.0,8,1024,1,14,4,0.5400390625,4992,0.01,frozen,22,197387983,2.1956048011779785,channels/000000/H.npy,channels/000000/H_int.npy,channels/000000/R_iot.npy,,29.983351516652117,26.76327529343905,29.952373283367816,23.337027359305026,not_reached,ok,ok,ok,ok,-1.7965913800988533,5.087231636047363,3.2970919609069824,0.9957692623138428,0.9999313950538635,4.0,2.0
1,cdl-c,1,qpsk,0,0.0,0,4,1,4,4.0,1,9.760574675227035,274.74358833004095,3500000000.0,8,1024,1,4,2,0.30078125,704,0.01,frozen,18,2014368850,2.300907611846924,channels/000001/H.npy,,,,8.30951589178147,3.2392737512350007,16.64925053425316,8.30951589178147,not_reached,ok,ok,ok,ok,0.36470719282642067,29.44844627380371,6.810056686401367,0.9998125433921814,0.9997736811637878,4.0,4.0
1,cdl-c,1,qam16,1,0.0,0,4,1,4,4.0,1,9.760574675227035,274.74358833004095,3500000000.0,8,1024,1,14,4,0.5400390625,2472,0.01,frozen,11,2014368850,1.8497920036315918,channels/000001/H.npy,,,,24.013396936282767,21.242296937398105,25.037531958399647,24.013396936282767,not_reached,ok,ok,ok,ok,0.36470719282642067,29.44844627380371,6.810056686401367,0.9998125433921814,0.9997736811637878,4.0,4.0
2,umi,2,qpsk,0,7.609759758600827,2,4,1,4,4.0,1,7.797829218436872,,3500000000.0,8,1024,1,4,2,0.30078125,704,0.01,frozen,20,1336422938,2.6916918754577637,channels/000002/H.npy,channels/000002/H_int.npy,channels/000002/R_iot.npy,10.534353787844546,21.212312297739874,19.149678945757636,22.731468802910722,7.962333893823758,ok,ok,ok,ok,ok,0.7279226337199791,21.086400985717773,8.24472427368164,1.0011214017868042,0.9999862909317017,4.0,4.0
2,umi,2,qam16,1,7.609759758600827,2,4,1,4,4.0,1,7.797829218436872,,3500000000.0,8,1024,1,14,4,0.5400390625,2472,0.01,frozen,8,1336422938,1.1373276710510254,channels/000002/H.npy,channels/000002/H_int.npy,channels/000002/R_iot.npy,,,28.724880591911347,,27.711520350756395,not_reached,not_reached,ok,not_reached,ok,0.7279226337199791,21.086400985717773,8.24472427368164,1.0011214017868042,0.9999862909317017,4.0,4.0
3,uma,3,qpsk,0,10.7696463289065,1,2,1,2,4.0,1,3.465403246590114,,3500000000.0,8,1024,1,4,2,0.30078125,704,0.01,frozen,16,364500831,2.0800981521606445,channels/000003/H.npy,channels/000003/H_int.npy,channels/000003/R_iot.npy,16.965811966041457,15.283708702496005,12.74188676873225,15.30324141083188,7.25,ok,ok,ok,ok,ok,-0.0019245303800873026,4.787084102630615,4.226339817047119,0.991807758808136,0.9999724626541138,4.0,2.0
3,uma,3,qam16,1,10.7696463289065,1,2,1,2,4.0,1,3.465403246590114,,3500000000.0,8,1024,1,14,4,0.5400390625,2472,0.01,frozen,14,364500831,1.8898048400878906,channels/000003/H.npy,channels/000003/H_int.npy,channels/000003/R_iot.npy,,27.163639064245388,21.540909523432276,27.17017333070367,16.630881756748618,not_reached,ok,ok,ok,ok,-0.0019245303800873026,4.787084102630615,4.226339817047119,0.991807758808136,0.9999724626541138,4.0,2.0
4,uma,3,qpsk,0,6.57570797508699,2,2,2,4,4.0,2,7.141623493924696,,3500000000.0,8,1024,1,4,2,0.30078125,1416,0.01,frozen,18,2034559693,2.672358274459839,channels/000004/H.npy,channels/000004/H_int.npy,channels/000004/R_iot.npy,28.59949005981534,20.593894461226032,17.35079128052483,23.2530202333733,16.25,ok,ok,ok,ok,ok,-0.6891483082859452,23.734004974365234,5.903430461883545,1.0004751682281494,0.9998816847801208,4.0,4.0
4,uma,3,qam16,1,6.57570797508699,2,2,2,4,4.0,2,7.141623493924696,,3500000000.0,8,1024,1,14,4,0.5400390625,4992,0.01,frozen,8,2034559693,1.3108763694763184,channels/000004/H.npy,channels/000004/H_int.npy,channels/000004/R_iot.npy,,,29.652678233034052,,28.71466977756912,not_reached,not_reached,ok,not_reached,ok,-0.6891483082859452,23.734004974365234,5.903430461883545,1.0004751682281494,0.9998816847801208,4.0,4.0
5,uma,3,qpsk,0,10.279419201405904,2,3,1,3,4.0,1,9.841574641538028,,3500000000.0,8,1024,1,4,2,0.30078125,704,0.01,frozen,12,1761904687,1.6143662929534912,channels/000005/H.npy,channels/000005/H_int.npy,channels/000005/R_iot.npy,,,13.691108203073926,,16.574966524050588,not_reached,not_reached,ok,not_reached,ok,-0.12645276080112253,8.798422813415527,6.041995525360107,0.911427915096283,0.9996614456176758,4.0,3.0
5,uma,3,qam16,1,10.279419201405904,2,3,1,3,4.0,1,9.841574641538028,,3500000000.0,8,1024,1,14,4,0.5400390625,2472,0.01,frozen,7,1761904687,1.0365593433380127,channels/000005/H.npy,channels/000005/H_int.npy,channels/000005/R_iot.npy,,,22.302854570344312,,,not_reached,not_reached,ok,not_reached,not_reached,-0.12645276080112253,8.798422813415527,6.041995525360107,0.911427915096283,0.9996614456176758,4.0,3.0
6,cdl-b,0,qpsk,0,18.33090671589097,3,4,1,4,4.0,1,6.221575931790051,71.07557606093847,3500000000.0,8,1024,1,4,2,0.30078125,704,0.01,frozen,10,944268720,1.3730990886688232,channels/000006/H.npy,channels/000006/H_int.npy,channels/000006/R_iot.npy,,26.951174225979134,24.37546197660477,26.952222856719168,24.212170037142474,not_reached,ok,ok,ok,ok,-0.1632331498618147,12.88253116607666,7.625743865966797,0.9983181357383728,0.9999594688415527,4.0,4.0
6,cdl-b,0,qam16,1,18.33090671589097,3,4,1,4,4.0,1,6.221575931790051,71.07557606093847,3500000000.0,8,1024,1,14,4,0.5400390625,2472,0.01,frozen,3,944268720,0.3891024589538574,channels/000006/H.npy,channels/000006/H_int.npy,channels/000006/R_iot.npy,,,,,,not_reached,not_reached,not_reached,not_reached,not_reached,-0.1632331498618147,12.88253116607666,7.625743865966797,0.9983181357383728,0.9999594688415527,4.0,4.0
7,umi,2,qpsk,0,18.11034752220165,3,1,1,1,4.0,1,4.899914192535821,,3500000000.0,8,1024,1,4,2,0.30078125,704,0.01,frozen,11,770054469,1.6625571250915527,channels/000007/H.npy,channels/000007/H_int.npy,channels/000007/R_iot.npy,21.20011037957259,21.210184797954348,19.176556480291406,21.18262117574914,16.25,ok,ok,ok,ok,ok,1.1374520378636197,0.0,2.431570529937744,0.9657106995582581,0.9999833106994629,4.0,1.0
7,umi,2,qam16,1,18.11034752220165,3,1,1,1,4.0,1,4.899914192535821,,3500000000.0,8,1024,1,14,4,0.5400390625,2472,0.01,frozen,12,770054469,1.5157349109649658,channels/000007/H.npy,channels/000007/H_int.npy,channels/000007/R_iot.npy,29.25703473032693,29.274426031070607,27.769515412579498,29.255699273847064,23.80697557423966,ok,ok,ok,ok,ok,1.1374520378636197,0.0,2.431570529937744,0.9657106995582581,0.9999833106994629,4.0,1.0
8,umi,2,qpsk,0,0.0,0,1,2,2,4.0,2,4.377622672615142,,3500000000.0,8,1024,1,4,2,0.30078125,1416,0.01,frozen,15,1880212317,2.034849166870117,channels/000008/H.npy,,,-4.04784849113419,-4.257437608535753,-7.134720224104332,-3.6446391723665115,-4.257437608535753,ok,ok,ok,ok,ok,-0.022189611423383635,5.008128643035889,4.320380687713623,1.0004167556762695,0.9999957084655762,4.0,2.0
8,umi,2,qam16,1,0.0,0,1,2,2,4.0,2,4.377622672615142,,3500000000.0,8,1024,1,14,4,0.5400390625,4992,0.01,frozen,14,1880212317,1.9609756469726562,channels/000008/H.npy,,,,3.6024593299646,1.859538327722707,3.8074468519472897,3.6024593299646,not_reached,ok,ok,ok,ok,-0.022189611423383635,5.008128643035889,4.320380687713623,1.0004167556762695,0.9999957084655762,4.0,2.0
9,uma,3,qpsk,0,5.1521841241106365,1,2,2,4,4.0,2,4.282435521013692,,3500000000.0,8,1024,1,4,2,0.30078125,1416,0.01,frozen,16,1694866909,2.151549816131592,channels/000009/H.npy,channels/000009/H_int.npy,channels/000009/R_iot.npy,10.597538248688208,12.81864630446369,10.60544016388844,14.481324971329107,9.25,ok,ok,ok,ok,ok,-0.7192311306276246,15.781578063964844,6.559179782867432,0.9971116781234741,0.9999666810035706,4.0,4.0
9,uma,3,qam16,1,5.1521841241106365,1,2,2,4,4.0,2,4.282435521013692,,3500000000.0,8,1024,1,14,4,0.5400390625,4992,0.01,frozen,13,1694866909,2.814171075820923,channels/000009/H.npy,channels/000009/H_int.npy,channels/000009/R_iot.npy,,23.434914652773212,20.73670924607203,23.702993627816614,20.277104189299095,not_reached,ok,ok,ok,ok,-0.7192311306276246,15.781578063964844,6.559179782867432,0.9971116781234741,0.9999666810035706,4.0,4.0
10,uma,3,qpsk,0,0.0,0,3,1,3,4.0,1,5.851322971776174,,3500000000.0,8,1024,1,4,2,0.30078125,704,0.01,frozen,13,947617774,1.7221345901489258,channels/000010/H.npy,,,0.6268550842907076,0.6725442582279105,-3.603343023123139,5.807364804099514,0.6725442582279105,ok,ok,ok,ok,ok,-0.11619873414563578,17.21221160888672,5.604902267456055,0.9993273019790649,0.9999698996543884,4.0,3.0
10,uma,3,qam16,1,0.0,0,3,1,3,4.0,1,5.851322971776174,,3500000000.0,8,1024,1,14,4,0.5400390625,2472,0.01,frozen,13,947617774,1.7277097702026367,channels/000010/H.npy,,,,13.16162193693175,10.781252669580248,13.979697598923403,13.16162193693175,not_reached,ok,ok,ok,ok,-0.11619873414563578,17.21221160888672,5.604902267456055,0.9993273019790649,0.9999698996543884,4.0,3.0
11,umi,2,qpsk,0,0.0,0,1,2,2,4.0,2,5.224858893618892,,3500000000.0,8,1024,1,4,2,0.30078125,1416,0.01,frozen,10,1241498351,1.290268898010254,channels/000011/H.npy,,,-3.622182255568544,-3.7946291136309225,-6.827929205492962,-2.75,-3.7946291136309225,ok,ok,ok,ok,ok,-0.12918132363619436,5.967887878417969,4.110560417175293,0.9974189400672913,0.9999496936798096,4.0,2.0
11,umi,2,qam16,1,0.0,0,1,2,2,4.0,2,5.224858893618892,,3500000000.0,8,1024,1,14,4,0.5400390625,4992,0.01,frozen,16,1241498351,2.3943610191345215,channels/000011/H.npy,,,21.097984028603715,4.391217419532903,2.4648206914847925,4.539170004266975,4.391217419532903,ok,ok,ok,ok,ok,-0.12918132363619436,5.967887878417969,4.110560417175293,0.9974189400672913,0.9999496936798096,4.0,2.0
12,umi,2,qpsk,0,0.0,0,3,1,3,4.0,1,6.252155434173952,,3500000000.0,8,1024,1,4,2,0.30078125,704,0.01,frozen,19,705269879,2.4118940830230713,channels/000012/H.npy,,,,2.289521016179298,-1.3607220140324787,4.5550572752177025,2.289521016179298,not_reached,ok,ok,ok,ok,-0.22043434441539356,14.806419372558594,5.365352630615234,0.9965583086013794,0.9998812079429626,4.0,3.0
12,umi,2,qam16,1,0.0,0,3,1,3,4.0,1,6.252155434173952,,3500000000.0,8,1024,1,14,4,0.5400390625,2472,0.01,frozen,15,705269879,2.102921485900879,channels/000012/H.npy,,,,12.581314461735472,10.17376748360312,13.022831125233555,12.581314461735472,not_reached,ok,ok,ok,ok,-0.22043434441539356,14.806419372558594,5.365352630615234,0.9965583086013794,0.9998812079429626,4.0,3.0
13,uma,3,qpsk,0,0.0,0,4,1,4,4.0,1,6.423499841903119,,3500000000.0,8,1024,1,4,2,0.30078125,704,0.01,frozen,19,136024542,2.477571487426758,channels/000013/H.npy,,,,2.1427048705935707,-1.3503858550604306,5.214153775270609,2.1427048705935707,not_reached,ok,ok,ok,ok,0.11157563259674887,14.935365676879883,7.649629592895508,0.9951344728469849,0.9998504519462585,4.0,4.0
13,uma,3,qam16,1,0.0,0,4,1,4,4.0,1,6.423499841903119,,3500000000.0,8,1024,1,14,4,0.5400390625,2472,0.01,frozen,16,136024542,2.6723616123199463,channels/000013/H.npy,,,,15.092653496323557,11.591746959033715,16.309625722972765,15.092653496323557,not_reached,ok,ok,ok,ok,0.11157563259674887,14.935365676879883,7.649629592895508,0.9951344728469849,0.9998504519462585,4.0,4.0
14,uma,3,qpsk,0,14.035199117491308,3,1,1,1,4.0,1,9.117391069920384,,3500000000.0,8,1024,1,4,2,0.30078125,704,0.01,frozen,12,1993994395,1.398003339767456,channels/000014/H.npy,channels/000014/H_int.npy,channels/000014/R_iot.npy,17.373437500361213,17.3092892916414,15.20798367497818,17.334148457638104,16.25,ok,ok,ok,ok,ok,0.04423671281977706,0.0,2.1503102779388428,0.9957903027534485,0.9999531507492065,4.0,1.0
14,uma,3,qam16,1,14.035199117491308,3,1,1,1,4.0,1,9.117391069920384,,3500000000.0,8,1024,1,14,4,0.5400390625,2472,0.01,frozen,10,1993994395,1.245089054107666,channels/000014/H.npy,channels/000014/H_int.npy,channels/000014/R_iot.npy,25.248757740864356,25.234490453624396,23.709534103504694,25.24158544938954,23.01889026063319,ok,ok,ok,ok,ok,0.04423671281977706,0.0,2.1503102779388428,0.9957903027534485,0.9999531507492065,4.0,1.0
15,uma,3,qpsk,0,11.830035852693374,2,1,2,2,4.0,2,7.393101653862203,,3500000000.0,8,1024,1,4,2,0.30078125,1416,0.01,frozen,9,682078689,1.273190975189209,channels/000015/H.npy,channels/000015/H_int.npy,channels/000015/R_iot.npy,17.67529203775606,19.75768593019977,18.262639798418473,19.769989628560698,16.56170916066029,ok,ok,ok,ok,ok,0.5580384275978394,9.229033470153809,4.161610126495361,0.9998670816421509,0.9999929666519165,4.0,2.0
15,uma,3,qam16,1,11.830035852693374,2,1,2,2,4.0,2,7.393101653862203,,3500000000.0,8,1024,1,14,4,0.5400390625,4992,0.01,frozen,10,682078689,1.5814173221588135,channels/000015/H.npy,channels/000015/H_int.npy,channels/000015/R_iot.npy,,28.79203516874786,27.35882089521721,28.777292963544475,25.58612750018102,not_reached,ok,ok,ok,ok,0.5580384275978394,9.229033470153809,4.161610126495361,0.9998670816421509,0.9999929666519165,4.0,2.0
16,cdl-b,0,qpsk,0,8.5359671595058,2,1,2,2,4.0,2,8.370785366516806,201.41858033233194,3500000000.0,8,1024,1,4,2,0.30078125,1416,0.01,frozen,11,240784948,1.694324254989624,channels/000016/H.npy,channels/000016/H_int.npy,channels/000016/R_iot.npy,17.157961717101752,15.511743022029174,12.559889209058152,15.545481193914345,12.25,ok,ok,ok,ok,ok,1.2724101755535333,11.91800308227539,4.176486492156982,0.9985430836677551,0.9999957084655762,4.0,2.0
16,cdl-b,0,qam16,1,8.5359671595058,2,1,2,2,4.0,2,8.370785366516806,201.41858033233194,3500000000.0,8,1024,1,14,4,0.5400390625,4992,0.01,frozen,13,240784948,1.843564748764038,channels/000016/H.npy,channels/000016/H_int.npy,channels/000016/R_iot.npy,,23.63776407071035,21.710410366116555,23.64581485235858,19.99968697964314,not_reached,ok,ok,ok,ok,1.2724101755535333,11.91800308227539,4.176486492156982,0.9985430836677551,0.9999957084655762,4.0,2.0
17,cdl-b,0,qpsk,0,17.9501210500882,3,2,2,4,4.0,2,3.3117347983992333,363.9018330298742,3500000000.0,8,1024,1,4,2,0.30078125,1416,0.01,frozen,16,618417669,2.0592403411865234,channels/000017/H.npy,channels/000017/H_int.npy,channels/000017/R_iot.npy,26.974464197890992,28.230279839848027,25.251075819264575,28.301074896054484,22.78997947514429,ok,ok,ok,ok,ok,2.17305900116618,16.893606185913086,9.090958595275879,1.0017175674438477,0.9999979138374329,4.0,4.0
17,cdl-b,0,qam16,1,17.9501210500882,3,2,2,4,4.0,2,3.3117347983992333,363.9018330298742,3500000000.0,8,1024,1,14,4,0.5400390625,4992,0.01,frozen,4,618417669,0.563852071762085,channels/000017/H.npy,channels/000017/H_int.npy,channels/000017/R_iot.npy,,,,,,not_reached,not_reached,not_reached,not_reached,not_reached,2.17305900116618,16.893606185913086,9.090958595275879,1.0017175674438477,0.9999979138374329,4.0,4.0
18,cdl-c,1,qpsk,0,8.748475729656333,1,1,1,1,4.0,1,7.243945745552039,70.84309411353048,3500000000.0,8,1024,1,4,2,0.30078125,704,0.01,frozen,15,79563137,1.8892357349395752,channels/000018/H.npy,channels/000018/H_int.npy,channels/000018/R_iot.npy,12.810811722264079,12.80979579025397,9.695681577634346,12.821419782259982,6.836933407731413,ok,ok,ok,ok,ok,-4.762993509790495,0.0,1.2234857082366943,0.999351978302002,0.9998301863670349,4.0,1.0
18,cdl-c,1,qam16,1,8.748475729656333,1,1,1,1,4.0,1,7.243945745552039,70.84309411353048,3500000000.0,8,1024,1,14,4,0.5400390625,2472,0.01,frozen,11,79563137,1.634533166885376,channels/000018/H.npy,channels/000018/H_int.npy,channels/000018/R_iot.npy,19.65182570394413,19.6454635715718,17.80497861770741,19.644540331636794,12.287821241987956,ok,ok,ok,ok,ok,-4.762993509790495,0.0,1.2234857082366943,0.999351978302002,0.9998301863670349,4.0,1.0
19,uma,3,qpsk,0,14.456013038661082,3,2,2,4,4.0,2,5.89360307632987,,3500000000.0,8,1024,1,4,2,0.30078125,1416,0.01,frozen,17,1738674472,2.3925111293792725,channels/000019/H.npy,channels/000019/H_int.npy,channels/000019/R_iot.npy,20.570835775846042,24.653109176720566,21.136731552352014,25.467239012143768,17.20529913706724,ok,ok,ok,ok,ok,0.32930364889762165,13.874320983886719,8.123697280883789,0.9920539855957031,0.9999027848243713,4.0,4.0
19,uma,3,qam16,1,14.456013038661082,3,2,2,4,4.0,2,5.89360307632987,,3500000000.0,8,1024,1,14,4,0.5400390625,4992,0.01,frozen,8,1738674472,1.0265614986419678,channels/000019/H.npy,channels/000019/H_int.npy,channels/000019/R_iot.npy,,,,,29.23991326048237,not_reached,not_reached,not_reached,not_reached,ok,0.32930364889762165,13.874320983886719,8.123697280883789,0.9920539855957031,0.9999027848243713,4.0,4.0
20,cdl-c,1,qpsk,0,11.112790395132762,1,1,2,2,4.0,2,6.451418953937433,399.41322110720563,3500000000.0,8,1024,1,4,2,0.30078125,1416,0.01,frozen,13,1327482791,1.7223005294799805,channels/000020/H.npy,channels/000020/H_int.npy,channels/000020/R_iot.npy,15.216831557896349,15.199839382759286,11.388464994157712,15.200914262753141,7.099343008214619,ok,ok,ok,ok,ok,0.323199164988602,7.710527420043945,4.14974308013916,1.0015848875045776,0.9999874830245972,4.0,2.0
20,cdl-c,1,qam16,1,11.112790395132762,1,1,2,2,4.0,2,6.451418953937433,399.41322110720563,3500000000.0,8,1024,1,14,4,0.5400390625,4992,0.01,frozen,14,1327482791,2.23626446723938,channels/000020/H.npy,channels/000020/H_int.npy,channels/000020/R_iot.npy,,23.007445758447545,20.931536208613682,23.026125292673736,14.721416854030602,not_reached,ok,ok,ok,ok,0.323199164988602,7.710527420043945,4.14974308013916,1.0015848875045776,0.9999874830245972,4.0,2.0
21,cdl-b,0,qpsk,0,9.19961426457169,3,2,2,4,4.0,2,9.347677513651735,204.60796393914092,3500000000.0,8,1024,1,4,2,0.30078125,1416,0.01,frozen,18,505754531,2.607974052429199,channels/000021/H.npy,channels/000021/H_int.npy,channels/000021/R_iot.npy,24.05112731970689,22.42379203185326,19.785172375044194,23.220229761606184,16.27147121120013,ok,ok,ok,ok,ok,-1.0822346247235746,15.81787109375,6.354975700378418,0.9965754747390747,0.9999811053276062,4.0,4.0
21,cdl-b,0,qam16,1,9.19961426457169,3,2,2,4,4.0,2,9.347677513651735,204.60796393914092,3500000000.0,8,1024,1,14,4,0.5400390625,4992,0.01,frozen,8,505754531,1.1013104915618896,channels/000021/H.npy,channels/000021/H_int.npy,channels/000021/R_iot.npy,,,,,27.727762732473465,not_reached,not_reached,not_reached,not_reached,ok,-1.0822346247235746,15.81787109375,6.354975700378418,0.9965754747390747,0.9999811053276062,4.0,4.0
22,cdl-c,1,qpsk,0,5.908567393774207,3,1,2,2,4.0,2,9.639444985174359,111.78797359914005,3500000000.0,8,1024,1,4,2,0.30078125,1416,0.01,frozen,8,1453683880,1.0449802875518799,channels/000022/H.npy,channels/000022/H_int.npy,channels/000022/R_iot.npy,11.25,11.22653842568099,9.71910672019031,11.293022923184495,9.668615994618127,ok,ok,ok,ok,ok,1.4776886860054537,6.04537296295166,4.987006664276123,1.0004245042800903,0.9999869465827942,4.0,2.0
22,cdl-c,1,qam16,1,5.908567393774207,3,1,2,2,4.0,2,9.639444985174359,111.78797359914005,3500000000.0,8,1024,1,14,4,0.5400390625,4992,0.01,frozen,13,1453683880,2.2535312175750732,channels/000022/H.npy,channels/000022/H_int.npy,channels/000022/R_iot.npy,,20.044152162229448,18.687658076365004,20.050220897102804,17.026691836805742,not_reached,ok,ok,ok,ok,1.4776886860054537,6.04537296295166,4.987006664276123,1.0004245042800903,0.9999869465827942,4.0,2.0
23,umi,2,qpsk,0,12.169045559389346,2,2,1,2,4.0,1,8.210034470567951,,3500000000.0,8,1024,1,4,2,0.30078125,704,0.01,frozen,14,1022317034,1.9946849346160889,channels/000023/H.npy,channels/000023/H_int.npy,channels/000023/R_iot.npy,17.97034237649304,16.920537542643192,15.674097768346147,17.155679192797002,10.482893352260371,ok,ok,ok,ok,ok,-2.7082761728501854,4.010776519775391,3.1151866912841797,0.9918059706687927,0.9998151659965515,4.0,2.0
23,umi,2,qam16,1,12.169045559389346,2,2,1,2,4.0,1,8.210034470567951,,3500000000.0,8,1024,1,14,4,0.5400390625,2472,0.01,frozen,14,1022317034,1.8457319736480713,channels/000023/H.npy,channels/000023/H_int.npy,channels/000023/R_iot.npy,,25.43772789722405,23.78289289123501,25.420499362458457,18.86919980184112,not_reached,ok,ok,ok,ok,-2.7082761728501854,4.010776519775391,3.1151866912841797,0.9918059706687927,0.9998151659965515,4.0,2.0
24,umi,2,qpsk,0,17.10352440544058,1,2,1,2,4.0,1,3.9713000976174575,,3500000000.0,8,1024,1,4,2,0.30078125,704,0.01,frozen,14,249892126,1.6740467548370361,channels/000024/H.npy,channels/000024/H_int.npy,channels/000024/R_iot.npy,15.082461387866273,14.442837399400169,8.170076319414138,14.483264131663143,7.806697787598944,ok,ok,ok,ok,ok,1.459581461252988,5.358858585357666,5.145962715148926,1.0007113218307495,0.9999370574951172,4.0,2.0
24,umi,2,qam16,1,17.10352440544058,1,2,1,2,4.0,1,3.9713000976174575,,3500000000.0,8,1024,1,14,4,0.5400390625,2472,0.01,frozen,17,249892126,2.268338918685913,channels/000024/H.npy,channels/000024/H_int.npy,channels/000024/R_iot.npy,27.479694183588606,20.69412174780042,16.374044034627563,20.697448249929437,14.269092772567067,ok,ok,ok,ok,ok,1.459581461252988,5.358858585357666,5.145962715148926,1.0007113218307495,0.9999370574951172,4.0,2.0
25,umi,2,qpsk,0,6.640082805759291,2,3,1,3,4.0,1,4.9927899147121115,,3500000000.0,8,1024,1,4,2,0.30078125,704,0.01,frozen,14,449271428,1.848606824874878,channels/000025/H.npy,channels/000025/H_int.npy,channels/000025/R_iot.npy,,16.924983510312412,14.52083679525554,17.179509305487674,14.779487130972898,not_reached,ok,ok,ok,ok,-2.548618993062223,13.631601333618164,3.833834648132324,0.9854194521903992,0.9999001026153564,4.0,3.0
25,umi,2,qam16,1,6.640082805759291,2,3,1,3,4.0,1,4.9927899147121115,,3500000000.0,8,1024,1,14,4,0.5400390625,2472,0.01,frozen,10,449271428,1.5095624923706055,channels/000025/H.npy,channels/000025/H_int.npy,channels/000025/R_iot.npy,,26.685332504659517,24.133111422460722,26.71201081602443,24.031554579409907,not_reached,ok,ok,ok,ok,-2.548618993062223,13.631601333618164,3.833834648132324,0.9854194521903992,0.9999001026153564,4.0,3.0
26,cdl-c,1,qpsk,0,11.499670047257048,2,2,1,2,4.0,1,9.607302511621384,95.00959689463299,3500000000.0,8,1024,1,4,2,0.30078125,704,0.01,frozen,10,513250753,1.3055927753448486,channels/000026/H.npy,channels/000026/H_int.npy,channels/000026/R_iot.npy,15.23273225623823,15.814095592176443,14.588589206921108,15.879616805388562,11.102959632069552,ok,ok,ok,ok,ok,-1.2053245558163659,2.782376766204834,3.930002450942993,0.9996678233146667,0.9999469518661499,4.0,2.0
26,cdl-c,1,qam16,1,11.499670047257048,2,2,1,2,4.0,1,9.607302511621384,95.00959689463299,3500000000.0,8,1024,1,14,4,0.5400390625,2472,0.01,frozen,14,513250753,1.9477646350860596,channels/000026/H.npy,channels/000026/H_int.npy,channels/000026/R_iot.npy,25.112041926338478,23.895364311091964,22.657510680998893,23.86730471161096,17.54776812357819,ok,ok,ok,ok,ok,-1.2053245558163659,2.782376766204834,3.930002450942993,0.9996678233146667,0.9999469518661499,4.0,2.0
27,umi,2,qpsk,0,17.325514323262702,1,3,1,3,4.0,1,3.610844797060596,,3500000000.0,8,1024,1,4,2,0.30078125,704,0.01,frozen,19,1905387721,2.517467975616455,channels/000027/H.npy,channels/000027/H_int.npy,channels/000027/R_iot.npy,26.57465233024364,21.996559547886,19.62479896438061,22.116138706664113,14.562625493991824,ok,ok,ok,ok,ok,-0.30996161943068545,13.925049781799316,5.533459663391113,0.999966025352478,0.9999735355377197,4.0,3.0
27,umi,2,qam16,1,17.325514323262702,1,3,1,3,4.0,1,3.610844797060596,,3500000000.0,8,1024,1,14,4,0.5400390625,2472,0.01,frozen,10,1905387721,1.0640184879302979,channels/000027/H.npy,channels/000027/H_int.npy,channels/000027/R_iot.npy,,,28.879925415548016,,25.945689749337127,not_reached,not_reached,ok,not_reached,ok,-0.30996161943068545,13.925049781799316,5.533459663391113,0.999966025352478,0.9999735355377197,4.0,3.0
28,cdl-c,1,qpsk,0,12.339285826041824,2,1,2,2,4.0,2,3.2397906747702145,36.579971723325954,3500000000.0,8,1024,1,4,2,0.30078125,1416,0.01,frozen,10,1312886639,1.5720679759979248,channels/000028/H.npy,channels/000028/H_int.npy,channels/000028/R_iot.npy,16.215598852119967,17.394387780115473,16.110240809622635,17.413857245939308,12.313611552285945,ok,ok,ok,ok,ok,-0.06861882626596849,4.812286376953125,4.352527618408203,1.0000972747802734,0.9999926686286926,4.0,2.0
28,cdl-c,1,qam16,1,12.339285826041824,2,1,2,2,4.0,2,3.2397906747702145,36.579971723325954,3500000000.0,8,1024,1,14,4,0.5400390625,4992,0.01,frozen,12,1312886639,2.0842843055725098,channels/000028/H.npy,channels/000028/H_int.npy,channels/000028/R_iot.npy,,26.171333987397553,24.901699057495463,26.204469574507943,22.013263507540316,not_reached,ok,ok,ok,ok,-0.06861882626596849,4.812286376953125,4.352527618408203,1.0000972747802734,0.9999926686286926,4.0,2.0
29,cdl-b,0,qpsk,0,0.0,0,1,2,2,4.0,2,9.950257336115019,141.09735474106353,3500000000.0,8,1024,1,4,2,0.30078125,1416,0.01,frozen,12,545073203,1.538573980331421,channels/000029/H.npy,,,-2.25,-2.6265391410002836,-5.25,-2.2997777893555544,-2.6265391410002836,ok,ok,ok,ok,ok,-1.6713822525459388,4.21992301940918,3.5214247703552246,0.9976030588150024,0.9996433854103088,4.0,2.0
29,cdl-b,0,qam16,1,0.0,0,1,2,2,4.0,2,9.950257336115019,141.09735474106353,3500000000.0,8,1024,1,14,4,0.5400390625,4992,0.01,frozen,16,545073203,2.3211662769317627,channels/000029/H.npy,,,9.619546606990198,5.050015921337276,3.381252638654268,5.239099406737448,5.050015921337276,ok,ok,ok,ok,ok,-1.6713822525459388,4.21992301940918,3.5214247703552246,0.9976030588150024,0.9996433854103088,4.0,2.0
30,cdl-c,1,qpsk,0,0.0,0,2,2,4,4.0,2,3.2036519107619985,56.14330843472676,3500000000.0,8,1024,1,4,2,0.30078125,1416,0.01,frozen,17,1692798188,2.358346462249756,channels/000030/H.npy,,,0.9537181467094253,-1.7818729373458713,-4.9592413345883894,4.940324239900561,-1.7818729373458713,ok,ok,ok,ok,ok,-0.3021504480935846,19.058734893798828,7.033275604248047,0.9999852180480957,0.9999821186065674,4.0,4.0
30,cdl-c,1,qam16,1,0.0,0,2,2,4,4.0,2,3.2036519107619985,56.14330843472676,3500000000.0,8,1024,1,14,4,0.5400390625,4992,0.01,frozen,16,1692798188,4.092235565185547,channels/000030/H.npy,,,,11.302401815064144,8.662355454785908,13.159978357859284,11.302401815064144,not_reached,ok,ok,ok,ok,-0.3021504480935846,19.058734893798828,7.033275604248047,0.9999852180480957,0.9999821186065674,4.0,4.0
31,cdl-b,0,qpsk,0,0.0,0,1,1,1,4.0,1,7.428441843318459,67.57946943027817,3500000000.0,8,1024,1,4,2,0.30078125,704,0.01,frozen,9,1249397838,1.0478732585906982,channels/000031/H.npy,,,-2.75,-2.75,-5.326039155503654,-2.75,-2.75,ok,ok,ok,ok,ok,-1.973877826288978,0.0,1.813502311706543,0.9993025064468384,0.9999575614929199,4.0,1.0
31,cdl-b,0,qam16,1,0.0,0,1,1,1,4.0,1,7.428441843318459,67.57946943027817,3500000000.0,8,1024,1,14,4,0.5400390625,2472,0.01,frozen,8,1249397838,0.964402437210083,channels/000031/H.npy,,,3.9420801624665587,3.9420801624665587,2.645832185628249,3.9420801624665587,3.9420801624665587,ok,ok,ok,ok,ok,-1.973877826288978,0.0,1.813502311706543,0.9993025064468384,0.9999575614929199,4.0,1.0
32,umi,2,qpsk,0,16.116298773715155,1,1,2,2,4.0,2,5.773553640117771,,3500000000.0,8,1024,1,4,2,0.30078125,1416,0.01,frozen,19,1745431228,2.322784423828125,channels/000032/H.npy,channels/000032/H_int.npy,channels/000032/R_iot.npy,19.180519291145533,23.64573272172375,21.42012773579684,23.6921534399528,11.851871242279755,ok,ok,ok,ok,ok,-0.7556922855559343,7.267265319824219,3.6675524711608887,0.995893120765686,0.9999291896820068,4.0,2.0
32,umi,2,qam16,1,16.116298773715155,1,1,2,2,4.0,2,5.773553640117771,,3500000000.0,8,1024,1,14,4,0.5400390625,4992,0.01,frozen,11,1745431228,1.2366657257080078,channels/000032/H.npy,channels/000032/H_int.npy,channels/000032/R_iot.npy,,,,,24.75,not_reached,not_reached,not_reached,not_reached,ok,-0.7556922855559343,7.267265319824219,3.6675524711608887,0.995893120765686,0.9999291896820068,4.0,2.0
33,cdl-b,0,qpsk,0,12.764189624791545,2,1,2,2,4.0,2,8.654061012597356,91.10578390161412,3500000000.0,8,1024,1,4,2,0.30078125,1416,0.01,frozen,11,1793464298,1.6188127994537354,channels/000033/H.npy,channels/000033/H_int.npy,channels/000033/R_iot.npy,15.197811308330992,16.743338986608002,15.281655018007683,16.76198518724774,13.206238635804318,ok,ok,ok,ok,ok,0.7244002040872767,5.014307975769043,4.755105018615723,0.9994381070137024,0.9999396800994873,4.0,2.0
33,cdl-b,0,qam16,1,12.764189624791545,2,1,2,2,4.0,2,8.654061012597356,91.10578390161412,3500000000.0,8,1024,1,14,4,0.5400390625,4992,0.01,frozen,11,1793464298,1.7827568054199219,channels/000033/H.npy,channels/000033/H_int.npy,channels/000033/R_iot.npy,,25.550525703057126,24.21851302174944,25.534001193131097,21.534898178268232,not_reached,ok,ok,ok,ok,0.7244002040872767,5.014307975769043,4.755105018615723,0.9994381070137024,0.9999396800994873,4.0,2.0
34,cdl-b,0,qpsk,0,4.636623051416513,3,4,1,4,4.0,1,9.91355619338201,87.80284011566651,3500000000.0,8,1024,1,4,2,0.30078125,704,0.01,frozen,16,1039830436,2.4541306495666504,channels/000034/H.npy,channels/000034/H_int.npy,channels/000034/R_iot.npy,,11.771497294359312,9.077707596695333,13.330831027150813,10.522141866900997,not_reached,ok,ok,ok,ok,-1.1304681181374434,19.95030975341797,6.012777328491211,0.9994012713432312,0.9999479651451111,4.0,4.0
34,cdl-b,0,qam16,1,4.636623051416513,3,4,1,4,4.0,1,9.91355619338201,87.80284011566651,3500000000.0,8,1024,1,14,4,0.5400390625,2472,0.01,frozen,13,1039830436,2.4897055625915527,channels/000034/H.npy,channels/000034/H_int.npy,channels/000034/R_iot.npy,,20.671488801557004,18.166815971451953,21.080501111550046,19.470790756679836,not_reached,ok,ok,ok,ok,-1.1304681181374434,19.95030975341797,6.012777328491211,0.9994012713432312,0.9999479651451111,4.0,4.0
35,uma,3,qpsk,0,19.902751652036635,3,2,1,2,4.0,1,8.796738458388493,,3500000000.0,8,1024,1,4,2,0.30078125,704,0.01,frozen,13,473421787,1.5113070011138916,channels/000035/H.npy,channels/000035/H_int.npy,channels/000035/R_iot.npy,27.803066932206107,28.605978082258027,25.90599857820609,28.665457264077634,25.25,ok,ok,ok,ok,ok,-3.64373832527866,3.5868890285491943,2.7241263389587402,0.9932448267936707,0.999563992023468,4.0,2.0
35,uma,3,qam16,1,19.902751652036635,3,2,1,2,4.0,1,8.796738458388493,,3500000000.0,8,1024,1,14,4,0.5400390625,2472,0.01,frozen,4,473421787,0.3379499912261963,channels/000035/H.npy,channels/000035/H_int.npy,channels/000035/R_iot.npy,,,,,,not_reached,not_reached,not_reached,not_reached,not_reached,-3.64373832527866,3.5868890285491943,2.7241263389587402,0.9932448267936707,0.999563992023468,4.0,2.0
36,cdl-b,0,qpsk,0,0.0,0,1,1,1,4.0,1,4.52061994180141,55.5567213132252,3500000000.0,8,1024,1,4,2,0.30078125,704,0.01,frozen,14,944857421,1.9033050537109375,channels/000036/H.npy,,,-5.25,-5.25,-7.835104805602039,-5.25,-5.25,ok,ok,ok,ok,ok,0.3312622189712761,0.0,2.4081225395202637,1.0000832080841064,1.0000039339065552,4.0,1.0
36,cdl-b,0,qam16,1,0.0,0,1,1,1,4.0,1,4.52061994180141,55.5567213132252,3500000000.0,8,1024,1,14,4,0.5400390625,2472,0.01,frozen,10,944857421,1.474165439605713,channels/000036/H.npy,,,1.5388543533535568,1.5388543533535568,0.3089161434527598,1.5388543533535568,1.5388543533535568,ok,ok,ok,ok,ok,0.3312622189712761,0.0,2.4081225395202637,1.0000832080841064,1.0000039339065552,4.0,1.0
37,uma,3,qpsk,0,10.755125280340305,3,3,1,3,4.0,1,9.057283936235716,,3500000000.0,8,1024,1,4,2,0.30078125,704,0.01,frozen,15,1871298069,1.6286780834197998,channels/000037/H.npy,channels/000037/H_int.npy,channels/000037/R_iot.npy,19.408218470212947,17.772085204215543,15.682871658941867,17.897045750564395,15.25,ok,ok,ok,ok,ok,0.5561508297233824,11.927373886108398,6.125263214111328,1.0024484395980835,0.9999265670776367,4.0,3.0
37,uma,3,qam16,1,10.755125280340305,3,3,1,3,4.0,1,9.057283936235716,,3500000000.0,8,1024,1,14,4,0.5400390625,2472,0.01,frozen,16,1871298069,1.798933506011963,channels/000037/H.npy,channels/000037/H_int.npy,channels/000037/R_iot.npy,,25.81698599798642,24.082015838296194,25.830225532146752,22.903224619139145,not_reached,ok,ok,ok,ok,0.5561508297233824,11.927373886108398,6.125263214111328,1.0024484395980835,0.9999265670776367,4.0,3.0
38,cdl-c,1,qpsk,0,2.968329871811284,2,2,2,4,4.0,2,5.5827019324086455,174.62005070472318,3500000000.0,8,1024,1,4,2,0.30078125,1416,0.01,frozen,15,2119766954,2.474889039993286,channels/000038/H.npy,channels/000038/H_int.npy,channels/000038/R_iot.npy,12.330153052935849,12.347051083418714,8.134514930710841,25.809237232720257,8.308204601713326,ok,ok,ok,ok,ok,0.14343322816199466,34.27744674682617,6.678072929382324,1.0002975463867188,0.9999781847000122,4.0,4.0
38,cdl-c,1,qam16,1,2.968329871811284,2,2,2,4,4.0,2,5.5827019324086455,174.62005070472318,3500000000.0,8,1024,1,14,4,0.5400390625,4992,0.01,frozen,8,2119766954,1.5680623054504395,channels/000038/H.npy,channels/000038/H_int.npy,channels/000038/R_iot.npy,,,29.50741807045909,,27.857194453815822,not_reached,not_reached,ok,not_reached,ok,0.14343322816199466,34.27744674682617,6.678072929382324,1.0002975463867188,0.9999781847000122,4.0,4.0
39,umi,2,qpsk,0,14.700800840690762,1,3,1,3,4.0,1,8.98246510032649,,3500000000.0,8,1024,1,4,2,0.30078125,704,0.01,frozen,15,171454039,1.793161153793335,channels/000039/H.npy,channels/000039/H_int.npy,channels/000039/R_iot.npy,,21.80910415501524,19.86438390157989,21.81930573468955,17.302886749103063,not_reached,ok,ok,ok,ok,1.0574684187535008,14.118183135986328,6.276600360870361,0.9978834390640259,0.999921441078186,4.0,3.0
39,umi,2,qam16,1,14.700800840690762,1,3,1,3,4.0,1,8.98246510032649,,3500000000.0,8,1024,1,14,4,0.5400390625,2472,0.01,frozen,8,171454039,1.2987124919891357,channels/000039/H.npy,channels/000039/H_int.npy,channels/000039/R_iot.npy,,,28.14353314065169,,24.065606642335226,not_reached,not_reached,ok,not_reached,ok,1.0574684187535008,14.118183135986328,6.276600360870361,0.9978834390640259,0.999921441078186,4.0,3.0
40,umi,2,qpsk,0,13.467630609282681,2,3,1,3,4.0,1,7.432595566247648,,3500000000.0,8,1024,1,4,2,0.30078125,704,0.01,frozen,11,1346787679,1.6355946063995361,channels/000040/H.npy,channels/000040/H_int.npy,channels/000040/R_iot.npy,19.55233140586591,19.338449970732903,16.523840824832494,19.826297963904324,12.339843837495799,ok,ok,ok,ok,ok,-0.7971835984205128,16.63333511352539,4.790833473205566,0.9961559772491455,0.9998597502708435,4.0,3.0
40,umi,2,qam16,1,13.467630609282681,2,3,1,3,4.0,1,7.432595566247648,,3500000000.0,8,1024,1,14,4,0.5400390625,2472,0.01,frozen,8,1346787679,1.1831696033477783,channels/000040/H.npy,channels/000040/H_int.npy,channels/000040/R_iot.npy,,,26.566628757532147,,24.76847736137159,not_reached,not_reached,ok,not_reached,ok,-0.7971835984205128,16.63333511352539,4.790833473205566,0.9961559772491455,0.9998597502708435,4.0,3.0
41,umi,2,qpsk,0,7.565467284016531,1,2,2,4,4.0,2,3.4814362901670957,,3500000000.0,8,1024,1,4,2,0.30078125,1416,0.01,frozen,12,335531545,1.7435789108276367,channels/000041/H.npy,channels/000041/H_int.npy,channels/000041/R_iot.npy,11.913410277529294,14.83490658628437,12.840486735615412,15.465686916478825,11.148072871073145,ok,ok,ok,ok,ok,0.14902768243681272,12.509075164794922,8.083101272583008,0.9970496892929077,0.9999758005142212,4.0,4.0
41,umi,2,qam16,1,7.565467284016531,1,2,2,4,4.0,2,3.4814362901670957,,3500000000.0,8,1024,1,14,4,0.5400390625,4992,0.01,frozen,12,335531545,3.0869500637054443,channels/000041/H.npy,channels/000041/H_int.npy,channels/000041/R_iot.npy,,25.387391505136094,22.725829871200805,25.646865648420878,21.70942653469986,not_reached,ok,ok,ok,ok,0.14902768243681272,12.509075164794922,8.083101272583008,0.9970496892929077,0.9999758005142212,4.0,4.0
42,cdl-c,1,qpsk,0,13.92421610234434,3,1,2,2,4.0,2,9.64395623386682,48.99003673847236,3500000000.0,8,1024,1,4,2,0.30078125,1416,0.01,frozen,11,223332791,1.508606195449829,channels/000042/H.npy,channels/000042/H_int.npy,channels/000042/R_iot.npy,21.960567717170935,21.614295471973527,19.030415817410578,21.69728526022593,18.25,ok,ok,ok,ok,ok,0.3467451523990025,11.225963592529297,3.8642020225524902,1.0000461339950562,0.9999696016311646,4.0,2.0
42,cdl-c,1,qam16,1,13.92421610234434,3,1,2,2,4.0,2,9.64395623386682,48.99003673847236,3500000000.0,8,1024,1,14,4,0.5400390625,4992,0.01,frozen,11,223332791,1.8150713443756104,channels/000042/H.npy,channels/000042/H_int.npy,channels/000042/R_iot.npy,,29.55325959197217,27.718957666390455,29.549282083150583,25.16490003472237,not_reached,ok,ok,ok,ok,0.3467451523990025,11.225963592529297,3.8642020225524902,1.0000461339950562,0.9999696016311646,4.0,2.0
43,cdl-b,0,qpsk,0,18.40962567818474,2,4,1,4,4.0,1,7.461458437267536,362.3437502544277,3500000000.0,8,1024,1,4,2,0.30078125,704,0.01,frozen,12,853517055,1.6472530364990234,channels/000043/H.npy,channels/000043/H_int.npy,channels/000043/R_iot.npy,,26.113336531467578,23.901006755513237,26.472609486100932,21.778223379697604,not_reached,ok,ok,ok,ok,0.5102779169462518,21.263172149658203,7.310452461242676,0.9972790479660034,0.999917209148407,4.0,4.0
43,cdl-b,0,qam16,1,18.40962567818474,2,4,1,4,4.0,1,7.461458437267536,362.3437502544277,3500000000.0,8,1024,1,14,4,0.5400390625,2472,0.01,frozen,3,853517055,0.3951141834259033,channels/000043/H.npy,channels/000043/H_int.npy,channels/000043/R_iot.npy,,,,,,not_reached,not_reached,not_reached,not_reached,not_reached,0.5102779169462518,21.263172149658203,7.310452461242676,0.9972790479660034,0.999917209148407,4.0,4.0
44,cdl-b,0,qpsk,0,0.0,0,4,1,4,4.0,1,8.747413737522612,85.21671692934183,3500000000.0,8,1024,1,4,2,0.30078125,704,0.01,frozen,19,2142291082,2.5228919982910156,channels/000044/H.npy,,,,3.201348960138135,-0.8036606266156963,12.40886729191907,3.201348960138135,not_reached,ok,ok,ok,ok,-1.0202141599314647,24.229843139648438,6.008293151855469,0.9972345232963562,0.9999706745147705,4.0,4.0
44,cdl-b,0,qam16,1,0.0,0,4,1,4,4.0,1,8.747413737522612,85.21671692934183,3500000000.0,8,1024,1,14,4,0.5400390625,2472,0.01,frozen,13,2142291082,2.277693748474121,channels/000044/H.npy,,,,19.589504300819307,16.80243733509108,21.37677942902982,19.589504300819307,not_reached,ok,ok,ok,ok,-1.0202141599314647,24.229843139648438,6.008293151855469,0.9972345232963562,0.9999706745147705,4.0,4.0
45,cdl-b,0,qpsk,0,0.0,0,2,2,4,4.0,2,9.54367292538285,48.87046636895181,3500000000.0,8,1024,1,4,2,0.30078125,1416,0.01,frozen,15,485007278,2.0777575969696045,channels/000045/H.npy,,,0.5094823915370092,-1.3337164201316294,-4.927068973987942,3.0080855733710345,-1.3337164201316294,ok,ok,ok,ok,ok,0.36225119587375426,17.090682983398438,7.6578264236450195,0.9999181628227234,0.9999920129776001,4.0,4.0
45,cdl-b,0,qam16,1,0.0,0,2,2,4,4.0,2,9.54367292538285,48.87046636895181,3500000000.0,8,1024,1,14,4,0.5400390625,4992,0.01,frozen,15,485007278,3.5598790645599365,channels/000045/H.npy,,,,10.093417585373444,7.59497429187331,11.177050578306437,10.093417585373444,not_reached,ok,ok,ok,ok,0.36225119587375426,17.090682983398438,7.6578264236450195,0.9999181628227234,0.9999920129776001,4.0,4.0
46,cdl-b,0,qpsk,0,2.6483971183790755,3,3,1,3,4.0,1,4.109223847059301,128.85926055310006,3500000000.0,8,1024,1,4,2,0.30078125,704,0.01,frozen,13,590507455,1.7433831691741943,channels/000046/H.npy,channels/000046/H_int.npy,channels/000046/R_iot.npy,12.053572745646086,12.24762817359388,9.799007390053827,13.854262203760317,8.284945620695861,ok,ok,ok,ok,ok,-1.5298354892348198,15.178747177124023,4.5192084312438965,0.9988879561424255,0.9999362230300903,4.0,3.0
46,cdl-b,0,qam16,1,2.6483971183790755,3,3,1,3,4.0,1,4.109223847059301,128.85926055310006,3500000000.0,8,1024,1,14,4,0.5400390625,2472,0.01,frozen,14,590507455,1.9485280513763428,channels/000046/H.npy,channels/000046/H_int.npy,channels/000046/R_iot.npy,,22.112942819411565,20.0597109474249,22.50230255299221,19.165052324194335,not_reached,ok,ok,ok,ok,-1.5298354892348198,15.178747177124023,4.5192084312438965,0.9988879561424255,0.9999362230300903,4.0,3.0
47,cdl-b,0,qpsk,0,15.051145309137677,3,2,2,4,4.0,2,6.795721719450446,270.42461047956374,3500000000.0,8,1024,1,4,2,0.30078125,1416,0.01,frozen,17,793925856,2.337506055831909,channels/000047/H.npy,channels/000047/H_int.npy,channels/000047/R_iot.npy,27.727808857579753,27.745918451678982,24.793763345180956,28.156165833352432,21.25,ok,ok,ok,ok,ok,0.2139690914229259,21.027557373046875,7.434775352478027,1.000780701637268,0.9999584555625916,4.0,4.0
47,cdl-b,0,qam16,1,15.051145309137677,3,2,2,4,4.0,2,6.795721719450446,270.42461047956374,3500000000.0,8,1024,1,14,4,0.5400390625,4992,0.01,frozen,4,793925856,0.5538251399993896,channels/000047/H.npy,channels/000047/H_int.npy,channels/000047/R_iot.npy,,,,,,not_reached,not_reached,not_reached,not_reached,not_reached,0.2139690914229259,21.027557373046875,7.434775352478027,1.000780701637268,0.9999584555625916,4.0,4.0
48,cdl-b,0,qpsk,0,0.0,0,2,2,4,4.0,2,4.862724384617837,88.54099898364466,3500000000.0,8,1024,1,4,2,0.30078125,1416,0.01,frozen,20,1405873193,2.733515977859497,channels/000048/H.npy,,,2.321778078674777,-0.5478885556426185,-4.512592755255904,6.75,-0.5478885556426185,ok,ok,ok,ok,ok,0.26562763102772646,21.829025268554688,6.885164260864258,1.0005617141723633,0.9999699592590332,4.0,4.0
48,cdl-b,0,qam16,1,0.0,0,2,2,4,4.0,2,4.862724384617837,88.54099898364466,3500000000.0,8,1024,1,14,4,0.5400390625,4992,0.01,frozen,15,1405873193,3.763176441192627,channels/000048/H.npy,,,,13.746929029655396,11.229158761581553,15.527032335699207,13.746929029655396,not_reached,ok,ok,ok,ok,0.26562763102772646,21.829025268554688,6.885164260864258,1.0005617141723633,0.9999699592590332,4.0,4.0
49,umi,2,qpsk,0,3.697451116332311,1,2,1,2,4.0,1,3.0197378018118157,,3500000000.0,8,1024,1,4,2,0.30078125,704,0.01,frozen,12,532600339,1.49196457862854,channels/000049/H.npy,channels/000049/H_int.npy,channels/000049/R_iot.npy,1.148775689252917,0.027044765392089734,-1.75,0.1723410472335497,-2.334703417800828,ok,ok,ok,ok,ok,0.1273647186740462,4.292148113250732,4.491130828857422,0.9970724582672119,0.9999841451644897,4.0,2.0
49,umi,2,qam16,1,3.697451116332311,1,2,1,2,4.0,1,3.0197378018118157,,3500000000.0,8,1024,1,14,4,0.5400390625,2472,0.01,frozen,13,532600339,1.7299718856811523,channels/000049/H.npy,channels/000049/H_int.npy,channels/000049/R_iot.npy,15.885961171228137,7.552532930117259,6.179794708893183,7.606241509610044,5.498831279523669,ok,ok,ok,ok,ok,0.1273647186740462,4.292148113250732,4.491130828857422,0.9970724582672119,0.9999841451644897,4.0,2.0
50,cdl-b,0,qpsk,0,0.0,0,1,1,1,4.0,1,6.220686734657723,95.27816307789193,3500000000.0,8,1024,1,4,2,0.30078125,704,0.01,frozen,9,1156449735,1.0240638256072998,channels/000050/H.npy,,,-1.75,-1.75,-4.67047450201606,-1.75,-1.75,ok,ok,ok,ok,ok,-2.9185169098570567,0.0,1.5907596349716187,0.99904865026474,0.9999861121177673,4.0,1.0
50,cdl-b,0,qam16,1,0.0,0,1,1,1,4.0,1,6.220686734657723,95.27816307789193,3500000000.0,8,1024,1,14,4,0.5400390625,2472,0.01,frozen,9,1156449735,1.0332543849945068,channels/000050/H.npy,,,4.883299683828536,4.883299683828536,3.6866517470058477,4.883299683828536,4.883299683828536,ok,ok,ok,ok,ok,-2.9185169098570567,0.0,1.5907596349716187,0.99904865026474,0.9999861121177673,4.0,1.0
51,cdl-b,0,qpsk,0,0.0,0,4,1,4,4.0,1,5.380143971924255,111.86626349607388,3500000000.0,8,1024,1,4,2,0.30078125,704,0.01,frozen,18,1607646324,2.5303597450256348,channels/000051/H.npy,,,,4.330429024979966,1.001690953350776,10.241411959223411,4.330429024979966,not_reached,ok,ok,ok,ok,0.68291810488673,23.984880447387695,5.644179344177246,0.9989255666732788,0.9999639391899109,4.0,4.0
51,cdl-b,0,qam16,1,0.0,0,4,1,4,4.0,1,5.380143971924255,111.86626349607388,3500000000.0,8,1024,1,14,4,0.5400390625,2472,0.01,frozen,16,1607646324,2.4251019954681396,channels/000051/H.npy,,,,17.608951497336985,15.072019494416207,19.03473956583238,17.608951497336985,not_reached,ok,ok,ok,ok,0.68291810488673,23.984880447387695,5.644179344177246,0.9989255666732788,0.9999639391899109,4.0,4.0
52,cdl-b,0,qpsk,0,4.800795550450698,1,1,1,1,4.0,1,7.751132535077295,60.96735627315955,3500000000.0,8,1024,1,4,2,0.30078125,704,0.01,frozen,12,1784982024,1.5241951942443848,channels/000052/H.npy,channels/000052/H_int.npy,channels/000052/R_iot.npy,1.9340235458650668,1.9850503741520795,-4.75,1.959862590339741,2.75,ok,ok,ok,ok,ok,-0.4170617639740355,0.0,2.188054084777832,0.9984595775604248,0.9999922513961792,4.0,1.0
52,cdl-b,0,qam16,1,4.800795550450698,1,1,1,1,4.0,1,7.751132535077295,60.96735627315955,3500000000.0,8,1024,1,14,4,0.5400390625,2472,0.01,frozen,14,1784982024,1.7734389305114746,channels/000052/H.npy,channels/000052/H_int.npy,channels/000052/R_iot.npy,7.100918471448848,7.097812696841537,3.4226244455480725,7.096843100926567,8.101021826731543,ok,ok,ok,ok,ok,-0.4170617639740355,0.0,2.188054084777832,0.9984595775604248,0.9999922513961792,4.0,1.0
53,cdl-b,0,qpsk,0,0.0,0,4,1,4,4.0,1,3.045528129211654,147.20846735558317,3500000000.0,8,1024,1,4,2,0.30078125,704,0.01,frozen,17,345494668,2.3741955757141113,channels/000053/H.npy,,,,14.027206572458315,8.034222158328411,22.025018500169033,14.027206572458315,not_reached,ok,ok,ok,ok,-0.1715252222378818,33.726051330566406,6.686890602111816,1.0033159255981445,0.9999829530715942,4.0,4.0
53,cdl-b,0,qam16,1,0.0,0,4,1,4,4.0,1,3.045528129211654,147.20846735558317,3500000000.0,8,1024,1,14,4,0.5400390625,2472,0.01,frozen,10,345494668,1.154043197631836,channels/000053/H.npy,,,,,26.42244734931493,,,not_reached,not_reached,ok,not_reached,not_reached,-0.1715252222378818,33.726051330566406,6.686890602111816,1.0033159255981445,0.9999829530715942,4.0,4.0
54,umi,2,qpsk,0,0.0,0,1,1,1,4.0,1,8.751873415585383,,3500000000.0,8,1024,1,4,2,0.30078125,704,0.01,frozen,12,1092459303,1.5718750953674316,channels/000054/H.npy,,,-4.196699776707159,-4.1952037653006595,-6.781687548324596,-4.196699776707159,-4.1952037653006595,ok,ok,ok,ok,ok,-0.7667057867509499,0.0,2.0980706214904785,0.9950951933860779,1.0000405311584473,4.0,1.0
54,umi,2,qam16,1,0.0,0,1,1,1,4.0,1,8.751873415585383,,3500000000.0,8,1024,1,14,4,0.5400390625,2472,0.01,frozen,13,1092459303,1.7000131607055664,channels/000054/H.npy,,,2.7211529104449785,2.7211529104449785,1.6008351260968372,2.7211529104449785,2.7211529104449785,ok,ok,ok,ok,ok,-0.7667057867509499,0.0,2.0980706214904785,0.9950951933860779,1.0000405311584473,4.0,1.0
55,cdl-c,1,qpsk,0,8.6710522720176,1,3,1,3,4.0,1,3.1968514693739745,379.27397978481315,3500000000.0,8,1024,1,4,2,0.30078125,704,0.01,frozen,17,567502794,1.828359603881836,channels/000055/H.npy,channels/000055/H_int.npy,channels/000055/R_iot.npy,,16.529259754621027,13.774010160186418,17.16344055574294,13.581894932599033,not_reached,ok,ok,ok,ok,-0.35265377212524884,18.06844139099121,5.183408737182617,0.9993305802345276,0.9999871253967285,4.0,3.0
55,cdl-c,1,qam16,1,8.6710522720176,1,3,1,3,4.0,1,3.1968514693739745,379.27397978481315,3500000000.0,8,1024,1,14,4,0.5400390625,2472,0.01,frozen,15,567502794,1.6816041469573975,channels/000055/H.npy,channels/000055/H_int.npy,channels/000055/R_iot.npy,,25.284452925696662,23.12179437534583,25.504435166429843,22.785140077395184,not_reached,ok,ok,ok,ok,-0.35265377212524884,18.06844139099121,5.183408737182617,0.9993305802345276,0.9999871253967285,4.0,3.0
56,cdl-b,0,qpsk,0,0.0,0,1,2,2,4.0,2,6.716011629062937,158.19690505506208,3500000000.0,8,1024,1,4,2,0.30078125,1416,0.01,frozen,14,384102156,1.696532964706421,channels/000056/H.npy,,,-2.75,-2.75,-6.0131082777092955,-1.9360406502904541,-2.75,ok,ok,ok,ok,ok,-0.6126210280840769,7.5157623291015625,3.8160643577575684,0.9964233636856079,0.999977707862854,4.0,2.0
56,cdl-b,0,qam16,1,0.0,0,1,2,2,4.0,2,6.716011629062937,158.19690505506208,3500000000.0,8,1024,1,14,4,0.5400390625,4992,0.01,frozen,15,384102156,2.1859230995178223,channels/000056/H.npy,,,,5.389838710540856,3.63993485805076,5.624412033715829,5.389838710540856,not_reached,ok,ok,ok,ok,-0.6126210280840769,7.5157623291015625,3.8160643577575684,0.9964233636856079,0.999977707862854,4.0,2.0
57,umi,2,qpsk,0,4.66166533375735,1,4,1,4,4.0,1,3.991690825587776,,3500000000.0,8,1024,1,4,2,0.30078125,704,0.01,frozen,19,1730692090,2.344325542449951,channels/000057/H.npy,channels/000057/H_int.npy,channels/000057/R_iot.npy,17.857324021524228,11.3039324920896,9.52686285939422,14.004030798249856,8.560385573279229,ok,ok,ok,ok,ok,-1.7881382824986878,19.79098892211914,5.605410575866699,0.9970942735671997,0.999941885471344,4.0,4.0
57,umi,2,qam16,1,4.66166533375735,1,4,1,4,4.0,1,3.991690825587776,,3500000000.0,8,1024,1,14,4,0.5400390625,2472,0.01,frozen,17,1730692090,2.5281810760498047,channels/000057/H.npy,channels/000057/H_int.npy,channels/000057/R_iot.npy,,22.03080242577171,19.505222349306724,23.244332697718917,20.130203181197817,not_reached,ok,ok,ok,ok,-1.7881382824986878,19.79098892211914,5.605410575866699,0.9970942735671997,0.999941885471344,4.0,4.0
58,uma,3,qpsk,0,18.37412336203152,1,3,1,3,4.0,1,3.6328035641193903,,3500000000.0,8,1024,1,4,2,0.30078125,704,0.01,frozen,11,756723579,1.2603580951690674,channels/000058/H.npy,channels/000058/H_int.npy,channels/000058/R_iot.npy,14.757955809663347,13.451677898248375,11.680068309954587,13.503207486786815,11.383933774832727,ok,ok,ok,ok,ok,1.6932402216287643,6.530033111572266,7.808874607086182,0.9996693730354309,0.9999797940254211,4.0,3.0
58,uma,3,qam16,1,18.37412336203152,1,3,1,3,4.0,1,3.6328035641193903,,3500000000.0,8,1024,1,14,4,0.5400390625,2472,0.01,frozen,13,756723579,1.652108907699585,channels/000058/H.npy,channels/000058/H_int.npy,channels/000058/R_iot.npy,,23.453374833446,21.410587374618032,23.466314752357242,19.949322268883776,not_reached,ok,ok,ok,ok,1.6932402216287643,6.530033111572266,7.808874607086182,0.9996693730354309,0.9999797940254211,4.0,3.0
59,cdl-b,0,qpsk,0,14.982615974922686,1,4,1,4,4.0,1,8.880466077194916,195.3831972758126,3500000000.0,8,1024,1,4,2,0.30078125,704,0.01,frozen,15,1076416688,1.7541494369506836,channels/000059/H.npy,channels/000059/H_int.npy,channels/000059/R_iot.npy,,28.591004476036634,26.256692730586025,29.536302629673703,22.669417972326286,not_reached,ok,ok,ok,ok,0.9953991782740247,24.908273696899414,6.358635902404785,0.9968908429145813,0.9999479651451111,4.0,4.0
59,cdl-b,0,qam16,1,14.982615974922686,1,4,1,4,4.0,1,8.880466077194916,195.3831972758126,3500000000.0,8,1024,1,14,4,0.5400390625,2472,0.01,frozen,4,1076416688,0.43025803565979004,channels/000059/H.npy,channels/000059/H_int.npy,channels/000059/R_iot.npy,,,,,,not_reached,not_reached,not_reached,not_reached,not_reached,0.9953991782740247,24.908273696899414,6.358635902404785,0.9968908429145813,0.9999479651451111,4.0,4.0
60,cdl-c,1,qpsk,0,2.988042682380121,1,1,1,1,4.0,1,8.022579225188757,39.792064885570404,3500000000.0,8,1024,1,4,2,0.30078125,704,0.01,frozen,17,2089658340,2.058396100997925,channels/000060/H.npy,channels/000060/H_int.npy,channels/000060/R_iot.npy,4.614290257510865,4.633543959328396,1.25,4.634112581148028,-0.1584036381287206,ok,ok,ok,ok,ok,-2.2901302672922244,0.0,1.7483376264572144,0.9996950030326843,0.999965250492096,4.0,1.0
60,cdl-c,1,qam16,1,2.988042682380121,1,1,1,1,4.0,1,8.022579225188757,39.792064885570404,3500000000.0,8,1024,1,14,4,0.5400390625,2472,0.01,frozen,13,2089658340,1.8148307800292969,channels/000060/H.npy,channels/000060/H_int.npy,channels/000060/R_iot.npy,10.866344227448456,10.862084642053468,9.25,10.85356457425188,6.094553486586056,ok,ok,ok,ok,ok,-2.2901302672922244,0.0,1.7483376264572144,0.9996950030326843,0.999965250492096,4.0,1.0
61,cdl-b,0,qpsk,0,11.41249228673172,3,2,1,2,4.0,1,4.61973024448261,32.24661443221771,3500000000.0,8,1024,1,4,2,0.30078125,704,0.01,frozen,14,1004514981,1.5404622554779053,channels/000061/H.npy,channels/000061/H_int.npy,channels/000061/R_iot.npy,17.75627994976635,17.35674329232729,15.605495293377098,17.393782039765703,13.80967576939604,ok,ok,ok,ok,ok,-1.19506631631864,7.482723236083984,3.580535411834717,0.9995743036270142,0.9999361038208008,4.0,2.0
61,cdl-b,0,qam16,1,11.41249228673172,3,2,1,2,4.0,1,4.61973024448261,32.24661443221771,3500000000.0,8,1024,1,14,4,0.5400390625,2472,0.01,frozen,15,1004514981,1.9044251441955566,channels/000061/H.npy,channels/000061/H_int.npy,channels/000061/R_iot.npy,,25.378306514646763,23.87582355175972,25.39158161612519,21.141660594375118,not_reached,ok,ok,ok,ok,-1.19506631631864,7.482723236083984,3.580535411834717,0.9995743036270142,0.9999361038208008,4.0,2.0
62,uma,3,qpsk,0,1.911972690229382,2,4,1,4,4.0,1,9.084749515714456,,3500000000.0,8,1024,1,4,2,0.30078125,704,0.01,frozen,17,1543740899,2.502488851547241,channels/000062/H.npy,channels/000062/H_int.npy,channels/000062/R_iot.npy,,12.034417061759106,8.826247891631166,14.069214812178862,10.56750190650048,not_reached,ok,ok,ok,ok,-0.07008546244109509,21.78261947631836,6.567800998687744,1.0021495819091797,0.9998871684074402,4.0,4.0
62,uma,3,qam16,1,1.911972690229382,2,4,1,4,4.0,1,9.084749515714456,,3500000000.0,8,1024,1,14,4,0.5400390625,2472,0.01,frozen,16,1543740899,2.752390146255493,channels/000062/H.npy,channels/000062/H_int.npy,channels/000062/R_iot.npy,,23.113853118236715,19.698502968864744,24.07852079205031,21.657876781997146,not_reached,ok,ok,ok,ok,-0.07008546244109509,21.78261947631836,6.567800998687744,1.0021495819091797,0.9998871684074402,4.0,4.0
63,cdl-c,1,qpsk,0,0.7556036860256277,1,2,2,4,4.0,2,6.032529416566326,47.62062205360297,3500000000.0,8,1024,1,4,2,0.30078125,1416,0.01,frozen,17,882387065,2.733750581741333,channels/000063/H.npy,channels/000063/H_int.npy,channels/000063/R_iot.npy,7.31420453805613,5.279932508515341,2.25,14.770838637729991,3.623914766778165,ok,ok,ok,ok,ok,-0.6922061872406997,28.771028518676758,6.52719259262085,0.9999127388000488,0.9999393224716187,4.0,4.0
63,cdl-c,1,qam16,1,0.7556036860256277,1,2,2,4,4.0,2,6.032529416566326,47.62062205360297,3500000000.0,8,1024,1,14,4,0.5400390625,4992,0.01,frozen,15,882387065,3.9737937450408936,channels/000063/H.npy,channels/000063/H_int.npy,channels/000063/R_iot.npy,,21.2028208573491,18.566476584852754,24.39726830018408,20.347372106220696,not_reached,ok,ok,ok,ok,-0.6922061872406997,28.771028518676758,6.52719259262085,0.9999127388000488,0.9999393224716187,4.0,4.0
64,cdl-b,0,qpsk,0,8.066665068039958,1,1,1,1,4.0,1,7.278033891738124,60.682015305313605,3500000000.0,8,1024,1,4,2,0.30078125,704,0.01,frozen,11,1688722233,1.3368048667907715,channels/000064/H.npy,channels/000064/H_int.npy,channels/000064/R_iot.npy,2.216077196115612,2.2179733758202724,-0.8902316483190081,2.21277872679123,0.75,ok,ok,ok,ok,ok,2.137832142723584,0.0,2.9138875007629395,1.0008119344711304,1.0000182390213013,4.0,1.0
64,cdl-b,0,qam16,1,8.066665068039958,1,1,1,1,4.0,1,7.278033891738124,60.682015305313605,3500000000.0,8,1024,1,14,4,0.5400390625,2472,0.01,frozen,12,1688722233,1.5299184322357178,channels/000064/H.npy,channels/000064/H_int.npy,channels/000064/R_iot.npy,8.822294338239798,8.825242047316344,7.247447071420826,8.814961818374947,6.835678982201916,ok,ok,ok,ok,ok,2.137832142723584,0.0,2.9138875007629395,1.0008119344711304,1.0000182390213013,4.0,1.0
65,uma,3,qpsk,0,15.03033300788041,3,1,2,2,4.0,2,8.871794438420114,,3500000000.0,8,1024,1,4,2,0.30078125,1416,0.01,frozen,12,875542522,1.3363571166992188,channels/000065/H.npy,channels/000065/H_int.npy,channels/000065/R_iot.npy,22.47487081435251,22.418722638285697,20.841757173422852,22.656409584981116,20.160825838995724,ok,ok,ok,ok,ok,-1.3044356217532367,3.3956446647644043,3.7524213790893555,0.9990489482879639,0.9999794960021973,4.0,2.0
65,uma,3,qam16,1,15.03033300788041,3,1,2,2,4.0,2,8.871794438420114,,3500000000.0,8,1024,1,14,4,0.5400390625,4992,0.01,frozen,10,875542522,1.0831718444824219,channels/000065/H.npy,channels/000065/H_int.npy,channels/000065/R_iot.npy,,,,,27.179015433630443,not_reached,not_reached,not_reached,not_reached,ok,-1.3044356217532367,3.3956446647644043,3.7524213790893555,0.9990489482879639,0.9999794960021973,4.0,2.0
66,umi,2,qpsk,0,10.884534525288812,2,2,2,4,4.0,2,7.747980219871885,,3500000000.0,8,1024,1,4,2,0.30078125,1416,0.01,frozen,16,955841625,2.5006484985351562,channels/000066/H.npy,channels/000066/H_int.npy,channels/000066/R_iot.npy,22.796218993360316,25.135939123050868,22.555575649081675,28.064349940043584,17.097656738243796,ok,ok,ok,ok,ok,0.7734920806413176,24.989830017089844,7.217301368713379,0.9911991953849792,0.9999151825904846,4.0,4.0
66,umi,2,qam16,1,10.884534525288812,2,2,2,4,4.0,2,7.747980219871885,,3500000000.0,8,1024,1,14,4,0.5400390625,4992,0.01,frozen,2,955841625,0.4174919128417969,channels/000066/H.npy,channels/000066/H_int.npy,channels/000066/R_iot.npy,,,,,,not_reached,not_reached,not_reached,not_reached,not_reached,0.7734920806413176,24.989830017089844,7.217301368713379,0.9911991953849792,0.9999151825904846,4.0,4.0
67,cdl-c,1,qpsk,0,0.0,0,1,2,2,4.0,2,5.324988174861123,68.62738281653037,3500000000.0,8,1024,1,4,2,0.30078125,1416,0.01,frozen,14,1478557158,1.7613956928253174,channels/000067/H.npy,,,-3.187965291532542,-3.2993540701819914,-6.25,-2.1595329471705886,-3.2993540701819914,ok,ok,ok,ok,ok,-0.08734771696321172,8.249689102172852,3.9926040172576904,0.9999514818191528,0.9999923706054688,4.0,2.0
67,cdl-c,1,qam16,1,0.0,0,1,2,2,4.0,2,5.324988174861123,68.62738281653037,3500000000.0,8,1024,1,14,4,0.5400390625,4992,0.01,frozen,15,1478557158,2.179736614227295,channels/000067/H.npy,,,,5.2223507709455115,3.528373337980487,5.5474361135317665,5.2223507709455115,not_reached,ok,ok,ok,ok,-0.08734771696321172,8.249689102172852,3.9926040172576904,0.9999514818191528,0.9999923706054688,4.0,2.0
68,umi,2,qpsk,0,19.71682447492803,3,1,1,1,4.0,1,4.740078904142895,,3500000000.0,8,1024,1,4,2,0.30078125,704,0.01,frozen,17,1616164908,1.65678071975708,channels/000068/H.npy,channels/000068/H_int.npy,channels/000068/R_iot.npy,28.514856539906468,28.46086751637898,26.313909704066017,28.435704038141346,25.25,ok,ok,ok,ok,ok,-5.023109106421293,0.0,1.162419080734253,0.9999768733978271,0.9999537467956543,4.0,1.0
68,umi,2,qam16,1,19.71682447492803,3,1,1,1,4.0,1,4.740078904142895,,3500000000.0,8,1024,1,14,4,0.5400390625,2472,0.01,frozen,8,1616164908,0.4708590507507324,channels/000068/H.npy,channels/000068/H_int.npy,channels/000068/R_iot.npy,,,,,,not_reached,not_reached,not_reached,not_reached,not_reached,-5.023109106421293,0.0,1.162419080734253,0.9999768733978271,0.9999537467956543,4.0,1.0
69,uma,3,qpsk,0,3.339485670985498,2,3,1,3,4.0,1,8.75043798941638,,3500000000.0,8,1024,1,4,2,0.30078125,704,0.01,frozen,18,2008231027,2.3948922157287598,channels/000069/H.npy,channels/000069/H_int.npy,channels/000069/R_iot.npy,9.766664820061605,13.07060061728458,8.691101385450217,14.36366241945581,7.876678507665192,ok,ok,ok,ok,ok,0.7707209539346309,17.152759552001953,6.010587692260742,0.9993184208869934,0.9998856782913208,4.0,3.0
69,uma,3,qam16,1,3.339485670985498,2,3,1,3,4.0,1,8.75043798941638,,3500000000.0,8,1024,1,14,4,0.5400390625,2472,0.01,frozen,16,2008231027,1.9127593040466309,channels/000069/H.npy,channels/000069/H_int.npy,channels/000069/R_iot.npy,,23.261429088111033,19.92807332090025,23.588369599959,20.586647101971206,not_reached,ok,ok,ok,ok,0.7707209539346309,17.152759552001953,6.010587692260742,0.9993184208869934,0.9998856782913208,4.0,3.0
70,cdl-b,0,qpsk,0,8.742177077884701,3,2,2,4,4.0,2,6.464046826987412,32.799841603249256,3500000000.0,8,1024,1,4,2,0.30078125,1416,0.01,frozen,20,2056928534,2.941213607788086,channels/000070/H.npy,channels/000070/H_int.npy,channels/000070/R_iot.npy,19.461955390902446,25.478867240552347,22.991970473284155,26.210227528419157,14.830446020097305,ok,ok,ok,ok,ok,-0.17426959490509886,18.253292083740234,7.376233100891113,1.0000216960906982,0.9999426007270813,4.0,4.0
70,cdl-b,0,qam16,1,8.742177077884701,3,2,2,4,4.0,2,6.464046826987412,32.799841603249256,3500000000.0,8,1024,1,14,4,0.5400390625,4992,0.01,frozen,6,2056928534,0.727177619934082,channels/000070/H.npy,channels/000070/H_int.npy,channels/000070/R_iot.npy,,,,,29.719943012152147,not_reached,not_reached,not_reached,not_reached,ok,-0.17426959490509886,18.253292083740234,7.376233100891113,1.0000216960906982,0.9999426007270813,4.0,4.0
71,umi,2,qpsk,0,5.174332113028173,2,4,1,4,4.0,1,3.1288944380863843,,3500000000.0,8,1024,1,4,2,0.30078125,704,0.01,frozen,19,222887081,2.7940502166748047,channels/000071/H.npy,channels/000071/H_int.npy,channels/000071/R_iot.npy,,10.704735836221628,7.25,15.558020664945323,8.0287730551533,not_reached,ok,ok,ok,ok,-1.3319471379091845,19.303102493286133,6.149091720581055,0.9812661409378052,0.9999645948410034,4.0,4.0
71,umi,2,qam16,1,5.174332113028173,2,4,1,4,4.0,1,3.1288944380863843,,3500000000.0,8,1024,1,14,4,0.5400390625,2472,0.01,frozen,7,222887081,1.2199184894561768,channels/000071/H.npy,channels/000071/H_int.npy,channels/000071/R_iot.npy,,,20.725596975766717,,,not_reached,not_reached,ok,not_reached,not_reached,-1.3319471379091845,19.303102493286133,6.149091720581055,0.9812661409378052,0.9999645948410034,4.0,4.0
72,cdl-c,1,qpsk,0,19.543189643569484,2,1,1,1,4.0,1,9.875752960964277,291.07789901753983,3500000000.0,8,1024,1,4,2,0.30078125,704,0.01,frozen,12,1287480597,1.3388490676879883,channels/000072/H.npy,channels/000072/H_int.npy,channels/000072/R_iot.npy,22.886952058494174,23.024336859559174,22.202617736335345,22.860448472689473,18.75,ok,ok,ok,ok,ok,-0.5897936840792973,0.0,2.1365230083465576,0.9987048506736755,1.0000030994415283,4.0,1.0
72,cdl-c,1,qam16,1,19.543189643569484,2,1,1,1,4.0,1,9.875752960964277,291.07789901753983,3500000000.0,8,1024,1,14,4,0.5400390625,2472,0.01,frozen,7,1287480597,0.7829854488372803,channels/000072/H.npy,channels/000072/H_int.npy,channels/000072/R_iot.npy,,,,,25.753390661277177,not_reached,not_reached,not_reached,not_reached,ok,-0.5897936840792973,0.0,2.1365230083465576,0.9987048506736755,1.0000030994415283,4.0,1.0
73,umi,2,qpsk,0,0.0,0,1,2,2,4.0,2,9.21019747905711,,3500000000.0,8,1024,1,4,2,0.30078125,1416,0.01,frozen,16,1851869245,2.1568596363067627,channels/000073/H.npy,,,-4.294937532142152,-4.324572931371409,-7.300277829540821,-3.2579302040348908,-4.324572931371409,ok,ok,ok,ok,ok,0.5623479094419289,7.43983793258667,4.338373184204102,1.0020556449890137,0.9999218583106995,4.0,2.0
73,umi,2,qam16,1,0.0,0,1,2,2,4.0,2,9.21019747905711,,3500000000.0,8,1024,1,14,4,0.5400390625,4992,0.01,frozen,15,1851869245,2.338451623916626,channels/000073/H.npy,,,,4.209626056605581,2.2834544854081087,4.556738322503277,4.209626056605581,not_reached,ok,ok,ok,ok,0.5623479094419289,7.43983793258667,4.338373184204102,1.0020556449890137,0.9999218583106995,4.0,2.0
74,uma,3,qpsk,0,18.160181339934656,1,1,2,2,4.0,2,7.562429846817732,,3500000000.0,8,1024,1,4,2,0.30078125,1416,0.01,frozen,19,245165600,2.156646728515625,channels/000074/H.npy,channels/000074/H_int.npy,channels/000074/R_iot.npy,20.145101372178196,22.331164336604715,19.64707907334329,22.34981830773983,15.75,ok,ok,ok,ok,ok,0.981860749657837,9.309301376342773,4.215068817138672,0.9970863461494446,0.9999956488609314,4.0,2.0
74,uma,3,qam16,1,18.160181339934656,1,1,2,2,4.0,2,7.562429846817732,,3500000000.0,8,1024,1,14,4,0.5400390625,4992,0.01,frozen,13,245165600,1.5232820510864258,channels/000074/H.npy,channels/000074/H_int.npy,channels/000074/R_iot.npy,,,29.757709263342505,,24.870519655023035,not_reached,not_reached,ok,not_reached,ok,0.981860749657837,9.309301376342773,4.215068817138672,0.9970863461494446,0.9999956488609314,4.0,2.0
75,cdl-b,0,qpsk,0,3.027907961103744,2,2,2,4,4.0,2,5.266594408989524,96.64635160587534,3500000000.0,8,1024,1,4,2,0.30078125,1416,0.01,frozen,13,1757024868,1.93570876121521,channels/000075/H.npy,channels/000075/H_int.npy,channels/000075/R_iot.npy,9.870521148354252,8.292929829022981,5.546069806436326,10.01130697618801,5.599174140336358,ok,ok,ok,ok,ok,-0.6210525275019521,13.960904121398926,7.2619733810424805,0.9991540312767029,0.9999783635139465,4.0,4.0
75,cdl-b,0,qam16,1,3.027907961103744,2,2,2,4,4.0,2,5.266594408989524,96.64635160587534,3500000000.0,8,1024,1,14,4,0.5400390625,4992,0.01,frozen,13,1757024868,3.5679986476898193,channels/000075/H.npy,channels/000075/H_int.npy,channels/000075/R_iot.npy,,17.05333738009071,14.528216931490867,17.59016454575651,15.634000384923029,not_reached,ok,ok,ok,ok,-0.6210525275019521,13.960904121398926,7.2619733810424805,0.9991540312767029,0.9999783635139465,4.0,4.0
76,cdl-b,0,qpsk,0,0.0,0,2,2,4,4.0,2,5.529640726533193,43.87694836988219,3500000000.0,8,1024,1,4,2,0.30078125,1416,0.01,frozen,16,1945170646,2.201758623123169,channels/000076/H.npy,,,-0.5801789810562693,-1.0217550823930974,-4.865608349008559,9.887962349189003,-1.0217550823930974,ok,ok,ok,ok,ok,-0.3478582923992721,24.629127502441406,6.8243207931518555,0.9997748732566833,0.9999400973320007,4.0,4.0
76,cdl-b,0,qam16,1,0.0,0,2,2,4,4.0,2,5.529640726533193,43.87694836988219,3500000000.0,8,1024,1,14,4,0.5400390625,4992,0.01,frozen,14,1945170646,3.739727258682251,channels/000076/H.npy,,,,16.101852574447083,13.251447934969516,18.637783691445282,16.101852574447083,not_reached,ok,ok,ok,ok,-0.3478582923992721,24.629127502441406,6.8243207931518555,0.9997748732566833,0.9999400973320007,4.0,4.0
77,uma,3,qpsk,0,6.330551746136548,2,1,2,2,4.0,2,9.443118034490439,,3500000000.0,8,1024,1,4,2,0.30078125,1416,0.01,frozen,12,1339538715,1.5471506118774414,channels/000077/H.npy,channels/000077/H_int.npy,channels/000077/R_iot.npy,12.75,13.126384263031298,10.680169780239115,13.246699960231766,10.10102590660088,ok,ok,ok,ok,ok,-2.079202615862377,6.920666694641113,3.224681854248047,0.9998449087142944,0.9999885559082031,4.0,2.0
77,uma,3,qam16,1,6.330551746136548,2,1,2,2,4.0,2,9.443118034490439,,3500000000.0,8,1024,1,14,4,0.5400390625,4992,0.01,frozen,12,1339538715,1.9823963642120361,channels/000077/H.npy,channels/000077/H_int.npy,channels/000077/R_iot.npy,,21.22805814785067,19.67887393259329,21.23440953601887,18.418321654975404,not_reached,ok,ok,ok,ok,-2.079202615862377,6.920666694641113,3.224681854248047,0.9998449087142944,0.9999885559082031,4.0,2.0
78,cdl-c,1,qpsk,0,0.0,0,1,2,2,4.0,2,9.707615032652424,229.97133829478435,3500000000.0,8,1024,1,4,2,0.30078125,1416,0.01,frozen,13,322106205,1.686293363571167,channels/000078/H.npy,,,-3.5402208387813148,-3.6681594099844186,-6.615015787535031,-2.5589853618118017,-3.6681594099844186,ok,ok,ok,ok,ok,-0.14408948901056293,7.279638290405273,4.079564094543457,0.9997190833091736,0.9998959898948669,4.0,2.0
78,cdl-c,1,qam16,1,0.0,0,1,2,2,4.0,2,9.707615032652424,229.97133829478435,3500000000.0,8,1024,1,14,4,0.5400390625,4992,0.01,frozen,15,322106205,2.3151895999908447,channels/000078/H.npy,,,,4.6142509448426745,3.25,4.946386025206996,4.6142509448426745,not_reached,ok,ok,ok,ok,-0.14408948901056293,7.279638290405273,4.079564094543457,0.9997190833091736,0.9998959898948669,4.0,2.0
79,uma,3,qpsk,0,10.957866490545623,1,2,2,4,4.0,2,3.8616582087118676,,3500000000.0,8,1024,1,4,2,0.30078125,1416,0.01,frozen,18,1396515829,2.1651344299316406,channels/000079/H.npy,channels/000079/H_int.npy,channels/000079/R_iot.npy,,28.602527167082545,25.81957490713667,,22.044506752577618,not_reached,ok,ok,not_reached,ok,-1.7242184629726678,28.29704475402832,5.069417953491211,0.9910249710083008,0.9999297857284546,4.0,4.0
79,uma,3,qam16,1,10.957866490545623,1,2,2,4,4.0,2,3.8616582087118676,,3500000000.0,8,1024,1,14,4,0.5400390625,4992,0.01,frozen,8,1396515829,0.8914198875427246,channels/000079/H.npy,channels/000079/H_int.npy,channels/000079/R_iot.npy,,,,,,not_reached,not_reached,not_reached,not_reached,not_reached,-1.7242184629726678,28.29704475402832,5.069417953491211,0.9910249710083008,0.9999297857284546,4.0,4.0
80,umi,2,qpsk,0,0.0,0,1,2,2,4.0,2,9.315766304288749,,3500000000.0,8,1024,1,4,2,0.30078125,1416,0.01,frozen,20,709919028,2.5126748085021973,channels/000080/H.npy,,,-5.1002179746300005,-4.844211588888776,-8.300610804317044,-3.25,-4.844211588888776,ok,ok,ok,ok,ok,1.9438750626754588,10.985536575317383,4.589382648468018,0.999998927116394,0.9999274015426636,4.0,2.0
80,umi,2,qam16,1,0.0,0,1,2,2,4.0,2,9.315766304288749,,3500000000.0,8,1024,1,14,4,0.5400390625,4992,0.01,frozen,15,709919028,2.3069703578948975,channels/000080/H.npy,,,,4.172024299578852,2.5458538390696908,4.680583567988407,4.172024299578852,not_reached,ok,ok,ok,ok,1.9438750626754588,10.985536575317383,4.589382648468018,0.999998927116394,0.9999274015426636,4.0,2.0
81,cdl-c,1,qpsk,0,16.712104440867634,1,2,2,4,4.0,2,9.21367854844838,253.67480658533162,3500000000.0,8,1024,1,4,2,0.30078125,1416,0.01,frozen,18,412691657,2.2063021659851074,channels/000081/H.npy,channels/000081/H_int.npy,channels/000081/R_iot.npy,,29.48238698149598,27.230848839797876,,20.210713846823673,not_reached,ok,ok,not_reached,ok,1.0874442755981013,26.71685028076172,6.971489429473877,1.0006948709487915,1.0000054836273193,4.0,4.0
81,cdl-c,1,qam16,1,16.712104440867634,1,2,2,4,4.0,2,9.21367854844838,253.67480658533162,3500000000.0,8,1024,1,14,4,0.5400390625,4992,0.01,frozen,8,412691657,0.8778598308563232,channels/000081/H.npy,channels/000081/H_int.npy,channels/000081/R_iot.npy,,,,,,not_reached,not_reached,not_reached,not_reached,not_reached,1.0874442755981013,26.71685028076172,6.971489429473877,1.0006948709487915,1.0000054836273193,4.0,4.0
82,cdl-c,1,qpsk,0,5.246844216132893,2,3,1,3,4.0,1,5.503340079126868,57.621137364119285,3500000000.0,8,1024,1,4,2,0.30078125,704,0.01,frozen,14,1543460594,1.970714807510376,channels/000082/H.npy,channels/000082/H_int.npy,channels/000082/R_iot.npy,14.002143821818063,10.604193119257477,8.976312257320052,11.037370722802276,9.25,ok,ok,ok,ok,ok,0.22440897355202452,10.858966827392578,6.106258869171143,1.0001178979873657,0.9999901652336121,4.0,3.0
82,cdl-c,1,qam16,1,5.246844216132893,2,3,1,3,4.0,1,5.503340079126868,57.621137364119285,3500000000.0,8,1024,1,14,4,0.5400390625,2472,0.01,frozen,14,1543460594,1.8288841247558594,channels/000082/H.npy,channels/000082/H_int.npy,channels/000082/R_iot.npy,,19.019773006661108,17.2763529572129,19.033714020286087,16.976281839434844,not_reached,ok,ok,ok,ok,0.22440897355202452,10.858966827392578,6.106258869171143,1.0001178979873657,0.9999901652336121,4.0,3.0
83,cdl-c,1,qpsk,0,9.856910322698056,3,2,1,2,4.0,1,6.210111280101066,122.50889187831096,3500000000.0,8,1024,1,4,2,0.30078125,704,0.01,frozen,13,556203543,1.8403010368347168,channels/000083/H.npy,channels/000083/H_int.npy,channels/000083/R_iot.npy,17.652034210795705,16.572870565477473,15.091705067112644,16.641543757438946,12.202192065982812,ok,ok,ok,ok,ok,0.7114185256992732,11.266263008117676,3.9984633922576904,1.000014066696167,0.9999830722808838,4.0,2.0
83,cdl-c,1,qam16,1,9.856910322698056,3,2,1,2,4.0,1,6.210111280101066,122.50889187831096,3500000000.0,8,1024,1,14,4,0.5400390625,2472,0.01,frozen,13,556203543,1.855731725692749,channels/000083/H.npy,channels/000083/H_int.npy,channels/000083/R_iot.npy,,24.64929383875869,23.370057034842354,24.665969976836465,20.062073982148426,not_reached,ok,ok,ok,ok,0.7114185256992732,11.266263008117676,3.9984633922576904,1.000014066696167,0.9999830722808838,4.0,2.0
84,cdl-b,0,qpsk,0,13.579039324179902,3,1,2,2,4.0,2,9.826294522151631,347.7389147661439,3500000000.0,8,1024,1,4,2,0.30078125,1416,0.01,frozen,14,1967036219,1.6944324970245361,channels/000084/H.npy,channels/000084/H_int.npy,channels/000084/R_iot.npy,24.079615494026065,24.536355271848613,22.69614138118956,24.45375646874904,19.706131857603978,ok,ok,ok,ok,ok,-1.9550317110326536,6.291939735412598,3.220935583114624,0.9986820816993713,0.9999089241027832,4.0,2.0
84,cdl-b,0,qam16,1,13.579039324179902,3,1,2,2,4.0,2,9.826294522151631,347.7389147661439,3500000000.0,8,1024,1,14,4,0.5400390625,4992,0.01,frozen,7,1967036219,0.7989881038665771,channels/000084/H.npy,channels/000084/H_int.npy,channels/000084/R_iot.npy,,,,,27.544049713327656,not_reached,not_reached,not_reached,not_reached,ok,-1.9550317110326536,6.291939735412598,3.220935583114624,0.9986820816993713,0.9999089241027832,4.0,2.0
85,cdl-b,0,qpsk,0,1.6119571093460738,3,3,1,3,4.0,1,8.363651991398356,47.59012939020974,3500000000.0,8,1024,1,4,2,0.30078125,704,0.01,frozen,14,1267976907,2.037060499191284,channels/000085/H.npy,channels/000085/H_int.npy,channels/000085/R_iot.npy,10.910669078811498,8.290453544225574,6.106824894120397,9.0377951978273,6.058750009135572,ok,ok,ok,ok,ok,-1.228874489104677,9.592273712158203,5.293886661529541,0.9991241693496704,0.9999279975891113,4.0,3.0
85,cdl-b,0,qam16,1,1.6119571093460738,3,3,1,3,4.0,1,8.363651991398356,47.59012939020974,3500000000.0,8,1024,1,14,4,0.5400390625,2472,0.01,frozen,13,1267976907,2.0332937240600586,channels/000085/H.npy,channels/000085/H_int.npy,channels/000085/R_iot.npy,,16.48008483288041,14.44177449969943,16.59963014385366,15.026442510373606,not_reached,ok,ok,ok,ok,-1.228874489104677,9.592273712158203,5.293886661529541,0.9991241693496704,0.9999279975891113,4.0,3.0
86,uma,3,qpsk,0,0.0,0,4,1,4,4.0,1,9.771552020692774,,3500000000.0,8,1024,1,4,2,0.30078125,704,0.01,frozen,19,970547647,2.4840891361236572,channels/000086/H.npy,,,,3.0489403789994225,-1.1914702493026696,6.315727005486899,3.0489403789994225,not_reached,ok,ok,ok,ok,-1.005169124772691,17.62795639038086,6.408206462860107,0.9842517971992493,0.9996558427810669,4.0,4.0
86,uma,3,qam16,1,0.0,0,4,1,4,4.0,1,9.771552020692774,,3500000000.0,8,1024,1,14,4,0.5400390625,2472,0.01,frozen,10,970547647,1.776069164276123,channels/000086/H.npy,,,,,10.192163009927548,,,not_reached,not_reached,ok,not_reached,not_reached,-1.005169124772691,17.62795639038086,6.408206462860107,0.9842517971992493,0.9996558427810669,4.0,4.0
87,uma,3,qpsk,0,1.460751000302114,3,2,2,4,4.0,2,6.776462864932293,,3500000000.0,8,1024,1,4,2,0.30078125,1416,0.01,frozen,16,3141046,2.278491258621216,channels/000087/H.npy,channels/000087/H_int.npy,channels/000087/R_iot.npy,,17.223509612816464,13.533495201948416,19.946512935633255,13.0856405816817,not_reached,ok,ok,ok,ok,0.504500191563343,21.850156784057617,7.094947338104248,0.9949999451637268,0.9998860359191895,4.0,4.0
87,uma,3,qam16,1,1.460751000302114,3,2,2,4,4.0,2,6.776462864932293,,3500000000.0,8,1024,1,14,4,0.5400390625,4992,0.01,frozen,9,3141046,1.662041187286377,channels/000087/H.npy,channels/000087/H_int.npy,channels/000087/R_iot.npy,,,26.169660385590596,,,not_reached,not_reached,ok,not_reached,not_reached,0.504500191563343,21.850156784057617,7.094947338104248,0.9949999451637268,0.9998860359191895,4.0,4.0
88,uma,3,qpsk,0,0.0,0,2,1,2,4.0,1,4.393446764407182,,3500000000.0,8,1024,1,4,2,0.30078125,704,0.01,frozen,13,1273151695,1.5722787380218506,channels/000088/H.npy,,,-2.8865532485163063,-3.208889590855768,-6.25,-2.5086275918530196,-3.208889590855768,ok,ok,ok,ok,ok,-0.120498532634502,6.314141273498535,4.071894645690918,1.0022121667861938,0.9999675154685974,4.0,2.0
88,uma,3,qam16,1,0.0,0,2,1,2,4.0,1,4.393446764407182,,3500000000.0,8,1024,1,14,4,0.5400390625,2472,0.01,frozen,15,1273151695,1.947474718093872,channels/000088/H.npy,,,,5.064041492662548,3.0725522891011057,5.229603393528586,5.064041492662548,not_reached,ok,ok,ok,ok,-0.120498532634502,6.314141273498535,4.071894645690918,1.0022121667861938,0.9999675154685974,4.0,2.0
89,cdl-b,0,qpsk,0,0.0,0,3,1,3,4.0,1,5.289032106419597,44.39022514197866,3500000000.0,8,1024,1,4,2,0.30078125,704,0.01,frozen,19,1072277543,2.4962007999420166,channels/000089/H.npy,,,,2.695610969193417,-1.7755130374991177,5.550751147958267,2.695610969193417,not_reached,ok,ok,ok,ok,-0.17151795146902676,17.09415054321289,5.0389790534973145,0.9999675750732422,0.9999939203262329,4.0,3.0
89,cdl-b,0,qam16,1,0.0,0,3,1,3,4.0,1,5.289032106419597,44.39022514197866,3500000000.0,8,1024,1,14,4,0.5400390625,2472,0.01,frozen,15,1072277543,2.0459959506988525,channels/000089/H.npy,,,,12.842266127665868,10.622437452476987,13.438007681108003,12.842266127665868,not_reached,ok,ok,ok,ok,-0.17151795146902676,17.09415054321289,5.0389790534973145,0.9999675750732422,0.9999939203262329,4.0,3.0
90,umi,2,qpsk,0,3.759019325804034,3,1,1,1,4.0,1,8.882276014404578,,3500000000.0,8,1024,1,4,2,0.30078125,704,0.01,frozen,9,54349480,1.2108056545257568,channels/000090/H.npy,channels/000090/H_int.npy,channels/000090/R_iot.npy,6.50741879780469,6.491521854493006,3.6784967606821786,6.473109905385244,3.25,ok,ok,ok,ok,ok,-0.48202311112828694,0.0,2.1729464530944824,0.9949265122413635,0.9997438788414001,4.0,1.0
90,umi,2,qam16,1,3.759019325804034,3,1,1,1,4.0,1,8.882276014404578,,3500000000.0,8,1024,1,14,4,0.5400390625,2472,0.01,frozen,11,54349480,1.633854627609253,channels/000090/H.npy,channels/000090/H_int.npy,channels/000090/R_iot.npy,13.08868564076024,13.095754348037426,11.614656918467901,13.091862106763596,9.25,ok,ok,ok,ok,ok,-0.48202311112828694,0.0,2.1729464530944824,0.9949265122413635,0.9997438788414001,4.0,1.0
91,cdl-c,1,qpsk,0,4.441758315147412,1,1,1,1,4.0,1,6.703825472870406,44.63558597914728,3500000000.0,8,1024,1,4,2,0.30078125,704,0.01,frozen,11,714773367,1.4217071533203125,channels/000091/H.npy,channels/000091/H_int.npy,channels/000091/R_iot.npy,2.730236736330298,2.7281041607720304,1.1699961339093852,2.7223700905650254,-2.763281078056513,ok,ok,ok,ok,ok,1.244110931487679,0.0,2.6613919734954834,1.0001370906829834,1.0000159740447998,4.0,1.0
91,cdl-c,1,qam16,1,4.441758315147412,1,1,1,1,4.0,1,6.703825472870406,44.63558597914728,3500000000.0,8,1024,1,14,4,0.5400390625,2472,0.01,frozen,11,714773367,1.6445441246032715,channels/000091/H.npy,channels/000091/H_int.npy,channels/000091/R_iot.npy,10.261136480662065,10.289835018959561,9.43463073608117,10.285058821545189,4.25,ok,ok,ok,ok,ok,1.244110931487679,0.0,2.6613919734954834,1.0001370906829834,1.0000159740447998,4.0,1.0
92,cdl-c,1,qpsk,0,0.0,0,3,1,3,4.0,1,3.5847806653423406,37.92044893759361,3500000000.0,8,1024,1,4,2,0.30078125,704,0.01,frozen,15,499977689,2.0551493167877197,channels/000092/H.npy,,,4.102081761062805,-0.3118678491907344,-3.6883509219949553,1.825361605581286,-0.3118678491907344,ok,ok,ok,ok,ok,-0.19712389975144862,12.627118110656738,5.607405662536621,1.0000015497207642,0.9999892115592957,4.0,3.0
92,cdl-c,1,qam16,1,0.0,0,3,1,3,4.0,1,3.5847806653423406,37.92044893759361,3500000000.0,8,1024,1,14,4,0.5400390625,2472,0.01,frozen,14,499977689,1.912832260131836,channels/000092/H.npy,,,,9.07806892113301,6.85566123613908,9.658614700371063,9.07806892113301,not_reached,ok,ok,ok,ok,-0.19712389975144862,12.627118110656738,5.607405662536621,1.0000015497207642,0.9999892115592957,4.0,3.0
93,cdl-b,0,qpsk,0,15.058303909156736,1,1,2,2,4.0,2,6.846900885672426,365.9692063910599,3500000000.0,8,1024,1,4,2,0.30078125,1416,0.01,frozen,16,1711334727,1.7847175598144531,channels/000093/H.npy,channels/000093/H_int.npy,channels/000093/R_iot.npy,22.814586344485406,22.9731039812487,20.414340143435947,23.041125740482283,19.25,ok,ok,ok,ok,ok,-4.088610760712033,4.275494575500488,2.4697046279907227,0.9836550951004028,0.9999037384986877,4.0,2.0
93,cdl-b,0,qam16,1,15.058303909156736,1,1,2,2,4.0,2,6.846900885672426,365.9692063910599,3500000000.0,8,1024,1,14,4,0.5400390625,4992,0.01,frozen,12,1711334727,1.29616117477417,channels/000093/H.npy,channels/000093/H_int.npy,channels/000093/R_iot.npy,,,29.745349251339896,,26.905570453420303,not_reached,not_reached,ok,not_reached,ok,-4.088610760712033,4.275494575500488,2.4697046279907227,0.9836550951004028,0.9999037384986877,4.0,2.0
94,cdl-b,0,qpsk,0,0.0,0,4,1,4,4.0,1,9.979074730308412,78.12809207469259,3500000000.0,8,1024,1,4,2,0.30078125,704,0.01,frozen,18,1250558668,2.442274332046509,channels/000094/H.npy,,,14.501631546861352,1.9074024288769307,-2.4991446095193006,13.468415573856,1.9074024288769307,ok,ok,ok,ok,ok,-0.04785848341836916,27.16168975830078,6.379824638366699,0.9988352060317993,0.9999905824661255,4.0,4.0
94,cdl-b,0,qam16,1,0.0,0,4,1,4,4.0,1,9.979074730308412,78.12809207469259,3500000000.0,8,1024,1,14,4,0.5400390625,2472,0.01,frozen,12,1250558668,2.1352157592773438,channels/000094/H.npy,,,,20.10818749481043,17.333204239518285,21.803673097898095,20.10818749481043,not_reached,ok,ok,ok,ok,-0.04785848341836916,27.16168975830078,6.379824638366699,0.9988352060317993,0.9999905824661255,4.0,4.0
95,uma,3,qpsk,0,0.9331323492287957,2,2,1,2,4.0,1,4.133098082576981,,3500000000.0,8,1024,1,4,2,0.30078125,704,0.01,frozen,8,757433135,1.0985898971557617,channels/000095/H.npy,channels/000095/H_int.npy,channels/000095/R_iot.npy,3.594714113758446,3.730540653464386,0.8565882516758734,3.856669126473401,1.3552548789440375,ok,ok,ok,ok,ok,-0.9503010038933303,5.080086708068848,3.7997260093688965,0.9907362461090088,0.9999837279319763,4.0,2.0
95,uma,3,qam16,1,0.9331323492287957,2,2,1,2,4.0,1,4.133098082576981,,3500000000.0,8,1024,1,14,4,0.5400390625,2472,0.01,frozen,13,757433135,1.8053278923034668,channels/000095/H.npy,channels/000095/H_int.npy,channels/000095/R_iot.npy,,11.368692961864959,9.49391606892421,11.75,8.895629332757434,not_reached,ok,ok,ok,ok,-0.9503010038933303,5.080086708068848,3.7997260093688965,0.9907362461090088,0.9999837279319763,4.0,2.0
96,uma,3,qpsk,0,19.373810008512315,3,3,1,3,4.0,1,5.883476322635502,,3500000000.0,8,1024,1,4,2,0.30078125,704,0.01,frozen,16,905684739,1.6743266582489014,channels/000096/H.npy,channels/000096/H_int.npy,channels/000096/R_iot.npy,24.54907520924778,27.587888439551367,24.585411090060123,27.463862952760852,22.67492125157897,ok,ok,ok,ok,ok,0.7382478739428477,9.388277053833008,6.476883888244629,0.9986066222190857,0.9999123215675354,4.0,3.0
96,uma,3,qam16,1,19.373810008512315,3,3,1,3,4.0,1,5.883476322635502,,3500000000.0,8,1024,1,14,4,0.5400390625,2472,0.01,frozen,7,905684739,0.5112771987915039,channels/000096/H.npy,channels/000096/H_int.npy,channels/000096/R_iot.npy,,,,,,not_reached,not_reached,not_reached,not_reached,not_reached,0.7382478739428477,9.388277053833008,6.476883888244629,0.9986066222190857,0.9999123215675354,4.0,3.0
97,umi,2,qpsk,0,4.110292661290873,2,1,1,1,4.0,1,6.506697452197203,,3500000000.0,8,1024,1,4,2,0.30078125,704,0.01,frozen,12,488856917,1.6590981483459473,channels/000097/H.npy,channels/000097/H_int.npy,channels/000097/R_iot.npy,3.146723321598387,3.1502527687311224,1.6174077634825381,3.176884586184086,1.7249414513468473,ok,ok,ok,ok,ok,2.864306667467007,0.0,3.12229585647583,1.0001438856124878,0.999998152256012,4.0,1.0
97,umi,2,qam16,1,4.110292661290873,2,1,1,1,4.0,1,6.506697452197203,,3500000000.0,8,1024,1,14,4,0.5400390625,2472,0.01,frozen,11,488856917,1.356142282485962,channels/000097/H.npy,channels/000097/H_int.npy,channels/000097/R_iot.npy,10.617953530136512,10.63406523220577,9.680200430926794,10.637551019067631,7.931049371900039,ok,ok,ok,ok,ok,2.864306667467007,0.0,3.12229585647583,1.0001438856124878,0.999998152256012,4.0,1.0
98,cdl-c,1,qpsk,0,3.510609575018717,3,2,1,2,4.0,1,9.367537370048975,43.89340227663396,3500000000.0,8,1024,1,4,2,0.30078125,704,0.01,frozen,14,1894672480,1.8035898208618164,channels/000098/H.npy,channels/000098/H_int.npy,channels/000098/R_iot.npy,9.25,10.19422832164774,6.25,10.421469435102939,5.75,ok,ok,ok,ok,ok,-0.5634287659719696,11.989221572875977,3.428217887878418,0.9998735785484314,0.9997818470001221,4.0,2.0
98,cdl-c,1,qam16,1,3.510609575018717,3,2,1,2,4.0,1,9.367537370048975,43.89340227663396,3500000000.0,8,1024,1,14,4,0.5400390625,2472,0.01,frozen,13,1894672480,1.7151429653167725,channels/000098/H.npy,channels/000098/H_int.npy,channels/000098/R_iot.npy,,17.205383373188905,14.794171875745592,17.26142976323458,14.325295258203319,not_reached,ok,ok,ok,ok,-0.5634287659719696,11.989221572875977,3.428217887878418,0.9998735785484314,0.9997818470001221,4.0,2.0
99,uma,3,qpsk,0,12.49766484598334,3,2,1,2,4.0,1,4.091750787248823,,3500000000.0,8,1024,1,4,2,0.30078125,704,0.01,frozen,12,1711566102,1.4774656295776367,channels/000099/H.npy,channels/000099/H_int.npy,channels/000099/R_iot.npy,17.03757491676051,17.55675836352921,15.476245780634299,17.469151975908275,14.223666130913331,ok,ok,ok,ok,ok,-1.9202173655245756,5.095593452453613,3.429706573486328,0.9921801686286926,0.999984622001648,4.0,2.0
99,uma,3,qam16,1,12.49766484598334,3,2,1,2,4.0,1,4.091750787248823,,3500000000.0,8,1024,1,14,4,0.5400390625,2472,0.01,frozen,13,1711566102,1.7296864986419678,channels/000099/H.npy,channels/000099/H_int.npy,channels/000099/R_iot.npy,,25.975633372188287,23.82795597724803,25.97075598935491,21.55605276086095,not_reached,ok,ok,ok,ok,-1.9202173655245756,5.095593452453613,3.429706573486328,0.9921801686286926,0.999984622001648,4.0,2.0
