receiver,feature,weight_standardized,weight_per_unit
mr,intercept,16.979171471661893,323.3917098296082
mr,gain_db,-0.5963688154958544,-0.4996897907220671
mr,cond_db,2.513008990188005,0.3046235668306495
mr,capacity_bpcu_0db,-2.18097162732558,-1.2145457542022946
mr,freq_corr,-0.2211668265187962,-16.24683605924926
mr,time_corr,-0.030321473042073756,-325.9081058629633
mr,num_rx_ant,0.0,0.0
mr,num_streams,0.5299319166243416,0.48471021630104527
mr,iot_db,7.576449195904233,1.1442424857276365
mr,iot_db^2,-1.0421693093523132,-0.008801726726671495
mr,num_layers_total,0.5299319172867147,0.48471021690689486
mr,num_ue,2.5378118417373927,2.383999634603337
mr,rank,1.5436134088650975,3.2759345710824723
mr,speed_kmh,0.03470508776725185,0.01708556814303115
mr,delay_spread_ns,0.18233869768067668,0.0024275964683569077
mr,num_interferers,2.8391927065706835,2.5436161776605295
mr,num_bits_per_symbol,2.135896710311598,2.135896710311598
mr,target_coderate,2.1358967219602376,17.854353006426802
mr,is_cdl-b,0.18671358762175225,0.4276913801472242
mr,is_cdl-c,0.17981165341304806,0.4124104897978251
mr,is_umi,-0.23095411135238567,-0.5377369590385689
mr,is_uma,-0.14127128238861655,-0.3286981209762554
lmmse,intercept,16.034551412579738,-67.4416036330891
lmmse,gain_db,-1.1132506476234934,-0.9327784563478001
lmmse,cond_db,4.0554374706095695,0.49159467084251546
lmmse,capacity_bpcu_0db,-0.19381274676471175,-0.10793099999288756
lmmse,freq_corr,-0.39851267414009883,-29.274598664718628
lmmse,time_corr,0.007477846721432464,80.37508130076473
lmmse,num_rx_ant,0.0,0.0
lmmse,num_streams,-0.2867036863616946,-0.26223784880878553
lmmse,iot_db,6.994174568679175,1.0563037495724057
lmmse,iot_db^2,-0.20278672626907143,-0.0017126519965608702
lmmse,num_layers_total,-0.286703686361613,-0.26223784880871087
lmmse,num_ue,0.2526801891687219,0.23736569778054853
lmmse,rank,0.747479656840059,1.586339192805764
lmmse,speed_kmh,-0.061457468461093914,-0.030255960518879153
lmmse,delay_spread_ns,-0.019713944327635687,-0.00026246486475934054
lmmse,num_interferers,3.0746408554345686,2.754552800266105
lmmse,num_bits_per_symbol,2.159352441513388,2.159352441513388
lmmse,target_coderate,2.1593524415133407,18.050423674364577
lmmse,is_cdl-b,-0.08937466086827985,-0.2047241046772726
lmmse,is_cdl-c,-0.12764363210569152,-0.29275951717855503
lmmse,is_umi,0.06831958728608403,0.15907041833922916
lmmse,is_uma,0.15199876613446656,0.35365792661010265
ideal_mmse,intercept,13.659248087413987,123.53990035613312
ideal_mmse,gain_db,-1.206195410795129,-1.0106556827405497
ideal_mmse,cond_db,3.927809847409483,0.47612382216782767
ideal_mmse,capacity_bpcu_0db,0.0290978927143169,0.01620411820567519
ideal_mmse,freq_corr,0.007882901201460376,0.5790751059155851
ideal_mmse,time_corr,-0.013405517877742126,-144.0882154235942
ideal_mmse,num_rx_ant,0.0,0.0
ideal_mmse,num_streams,-0.38666263687869534,-0.3536668097873087
ideal_mmse,iot_db,7.359053043277222,1.11140996647785
ideal_mmse,iot_db^2,-0.4375285043282101,-0.0036951830145713397
ideal_mmse,num_layers_total,-0.3866626359260072,-0.3536668089159181
ideal_mmse,num_ue,0.15273890036648444,0.14348167057733108
ideal_mmse,rank,0.7738763778802746,1.6423596513754004
ideal_mmse,speed_kmh,-0.04942725195152527,-0.02433339708010847
ideal_mmse,delay_spread_ns,-0.06216761264430508,-0.0008276788132258814
ideal_mmse,num_interferers,3.2336324624055517,2.8969924531532483
ideal_mmse,num_bits_per_symbol,2.3316040598365135,2.3316040598365135
ideal_mmse,target_coderate,2.3316040559191253,19.49030655723416
ideal_mmse,is_cdl-b,-0.021066650541411918,-0.04825586053966464
ideal_mmse,is_cdl-c,-0.04123322963677215,-0.09457127003545716
ideal_mmse,is_umi,0.017641337390787253,0.04107482246731326
ideal_mmse,is_uma,0.04559852852140095,0.10609481552688452
zf,intercept,16.839082417471516,-309.9628156066378
zf,gain_db,-1.2013307781545433,-1.006579669369373
zf,cond_db,5.159841140336475,0.6254689969617784
zf,capacity_bpcu_0db,0.013171298742344737,0.007334870735783642
zf,freq_corr,-0.45751249050899434,-33.60870409616673
zf,time_corr,0.03069872541785507,329.96297506580794
zf,num_rx_ant,0.0,0.0
zf,num_streams,-0.1742326698727587,-0.159364538068765
zf,iot_db,6.174852244100635,0.9325645956433197
zf,iot_db^2,0.25685799363713807,0.0021693153379850074
zf,num_layers_total,-0.17423266987284228,-0.15936453806884146
zf,num_ue,-0.45610542569881934,-0.42846169693265307
zf,rank,0.3743269189042152,0.79441554956865
zf,speed_kmh,-0.05367648519114004,-0.026425325634156907
zf,delay_spread_ns,-0.018039270009254833,-0.00024016881069807364
zf,num_interferers,2.8655837565303806,2.567259765314012
zf,num_bits_per_symbol,1.9606181969825418,1.9606181969825418
zf,target_coderate,1.9606181969822085,16.389167622120667
zf,is_cdl-b,-0.11141456585419746,-0.2552093291422254
zf,is_cdl-c,-0.13411373427426376,-0.3075991449431325
zf,is_umi,0.09981479197067226,0.23240159002617486
zf,is_uma,0.1494761124918833,0.3477884285906111
irc,intercept,13.03124978333921,391.9750564098177
irc,gain_db,-0.9442241125835814,-0.7911532879520577
irc,cond_db,3.461647770534697,0.4196162827466667
irc,capacity_bpcu_0db,-0.20819990747278572,-0.11594296343802632
irc,freq_corr,-0.2763572532819003,-20.30110509124602
irc,time_corr,-0.03636069247642688,-390.8202083854801
irc,num_rx_ant,0.0,0.0
irc,num_streams,-0.07359174115731364,-0.06731179545016586
irc,iot_db,3.588718553655715,0.5419905990568473
irc,iot_db^2,1.3018635163598073,0.01099499553824317
irc,num_layers_total,-0.07359174115717901,-0.06731179545004272
irc,num_ue,0.8730911404328959,0.8201746581584509
irc,rank,0.8615926263588045,1.8285155173365188
irc,speed_kmh,-0.08685987165148429,-0.04276174911151623
irc,delay_spread_ns,0.16997225368020216,0.0022629537668155176
irc,num_interferers,2.991239371369894,2.679833897383307
irc,num_bits_per_symbol,2.236124250842112,2.236124250842112
irc,target_coderate,2.2361242508421633,18.692173329488778
irc,is_cdl-b,0.07879933027766774,0.18049995584363343
irc,is_cdl-c,-0.18512929289433303,-0.4246068645122453
irc,is_umi,0.07728150670300034,0.17993670760414854
irc,is_uma,0.030536001038442756,0.07104859525416113
