scenario_id,channel,channel_code,modulation,modulation_code,iot_db,num_interferers,num_ue,rank,num_layers_total,num_rx_ant,num_ue_ant,speed_kmh,delay_spread_ns,carrier_frequency_hz,num_prb,fft_size,mcs_table,mcs_index,num_bits_per_symbol,target_coderate,tb_size,target_ber,channel_mode,num_ber_points,seed,duration_s,channel_file,wp_mr,wp_lmmse,wp_ideal_mmse,wp_zf,wp_irc,wp_status_mr,wp_status_lmmse,wp_status_ideal_mmse,wp_status_zf,wp_status_irc,gain_db,cond_db,capacity_bpcu_0db,freq_corr,time_corr,num_rx_ant,num_streams
0,cdl-c,1,qpsk,0,0.0,0,2,2,4,4.0,2,9.640546129960708,351.83147128962815,3500000000.0,8,1024,1,4,2,0.30078125,1416,0.01,frozen,17,535214421,16.572577953338623,channels/ch_000000.npz,3.778847542915616,-1.728159121951693,-5.134183849053303,2.6042358154438476,-1.728159121951693,ok,ok,ok,ok,ok,0.6593524619543434,18.46868896484375,7.495092391967773,1.0000228881835938,0.9998937845230103,4.0,4.0
0,cdl-c,1,qam16,1,0.0,0,2,2,4,4.0,2,9.640546129960708,351.83147128962815,3500000000.0,8,1024,1,14,4,0.5400390625,4992,0.01,frozen,22,535214421,46.26193881034851,channels/ch_000000.npz,,9.297755647086188,6.695497736735857,10.705776003612579,9.297755647086188,not_reached,ok,ok,ok,ok,0.6593524619543434,18.46868896484375,7.495092391967773,1.0000228881835938,0.9998937845230103,4.0,4.0
1,umi,2,qpsk,0,10.15265319784833,2,1,2,2,4.0,2,8.628222057188614,,3500000000.0,8,1024,1,4,2,0.30078125,1416,0.01,frozen,11,335647778,6.907487869262695,channels/ch_000001.npz,13.613705343224193,13.032610481291126,10.543916893604186,13.106216983670063,10.75,ok,ok,ok,ok,ok,-0.0372831615140961,5.6734819412231445,4.281379699707031,0.9997228384017944,0.9999862909317017,4.0,2.0
1,umi,2,qam16,1,10.15265319784833,2,1,2,2,4.0,2,8.628222057188614,,3500000000.0,8,1024,1,14,4,0.5400390625,4992,0.01,frozen,14,335647778,16.865305185317993,channels/ch_000001.npz,,21.247779529202273,19.636656917205684,21.224270215651423,18.092276583710454,not_reached,ok,ok,ok,ok,-0.0372831615140961,5.6734819412231445,4.281379699707031,0.9997228384017944,0.9999862909317017,4.0,2.0
2,umi,2,qpsk,0,8.399982587843844,1,2,1,2,4.0,1,8.753388258088371,,3500000000.0,8,1024,1,4,2,0.30078125,704,0.01,frozen,11,594903171,9.318679809570312,channels/ch_000002.npz,10.588738078646085,6.4500284031710144,4.6216744469872335,6.553409085145637,6.993563711837137,ok,ok,ok,ok,ok,2.245809539154146,6.85654878616333,5.286880970001221,1.000933289527893,0.99997478723526,4.0,2.0
2,umi,2,qam16,1,8.399982587843844,1,2,1,2,4.0,1,8.753388258088371,,3500000000.0,8,1024,1,14,4,0.5400390625,2472,0.01,frozen,11,594903171,13.828243494033813,channels/ch_000002.npz,,14.464943945375307,13.28308051674923,14.518040815852613,13.834407189571879,not_reached,ok,ok,ok,ok,2.245809539154146,6.85654878616333,5.286880970001221,1.000933289527893,0.99997478723526,4.0,2.0
3,cdl-c,1,qpsk,0,18.240264416164294,1,1,1,1,4.0,1,3.6724172151686165,42.73631888722768,3500000000.0,8,1024,1,4,2,0.30078125,704,0.01,frozen,15,1797060257,8.938474655151367,channels/ch_000003.npz,17.807391230155407,17.802349022006634,15.776687019372218,17.80172202939101,3.75,ok,ok,ok,ok,ok,-0.5695567467860717,0.0,2.168708324432373,0.9997531771659851,0.9999925494194031,4.0,1.0
3,cdl-c,1,qam16,1,18.240264416164294,1,1,1,1,4.0,1,3.6724172151686165,42.73631888722768,3500000000.0,8,1024,1,14,4,0.5400390625,2472,0.01,frozen,15,1797060257,10.924994707107544,channels/ch_000003.npz,25.159051650095513,25.161934398105565,23.95893297026627,25.166534851410393,9.7835860872777,ok,ok,ok,ok,ok,-0.5695567467860717,0.0,2.168708324432373,0.9997531771659851,0.9999925494194031,4.0,1.0
4,umi,2,qpsk,0,18.447195951061303,3,2,1,2,4.0,1,8.852507819237765,,3500000000.0,8,1024,1,4,2,0.30078125,704,0.01,frozen,13,1117740306,8.737949132919312,channels/ch_000004.npz,18.92286239763182,18.43740979441517,16.848259738839943,18.439732871574247,14.55948743225102,ok,ok,ok,ok,ok,0.6017570149753684,4.378056526184082,4.657354354858398,0.9990593791007996,0.9999508857727051,4.0,2.0
4,umi,2,qam16,1,18.447195951061303,3,2,1,2,4.0,1,8.852507819237765,,3500000000.0,8,1024,1,14,4,0.5400390625,2472,0.01,frozen,15,1117740306,15.350695848464966,channels/ch_000004.npz,,26.534936636781943,25.109909289174464,26.53617536926392,22.654399711007976,not_reached,ok,ok,ok,ok,0.6017570149753684,4.378056526184082,4.657354354858398,0.9990593791007996,0.9999508857727051,4.0,2.0
5,uma,3,qpsk,0,17.389558161138794,1,2,1,2,4.0,1,6.993232438969672,,3500000000.0,8,1024,1,4,2,0.30078125,704,0.01,frozen,9,829249564,7.954909563064575,channels/ch_000005.npz,16.28217230047346,16.579571795166494,12.932627799065013,16.480532635954496,12.590237264118073,ok,ok,ok,ok,ok,0.47487757118880924,3.45094895362854,4.474057197570801,0.9975265860557556,0.9999269247055054,4.0,2.0
5,uma,3,qam16,1,17.389558161138794,1,2,1,2,4.0,1,6.993232438969672,,3500000000.0,8,1024,1,14,4,0.5400390625,2472,0.01,frozen,14,829249564,16.51912569999695,channels/ch_000005.npz,25.381871502264186,24.44280293570859,21.938199250437318,24.453034724371456,19.65176157715225,ok,ok,ok,ok,ok,0.47487757118880924,3.45094895362854,4.474057197570801,0.9975265860557556,0.9999269247055054,4.0,2.0
6,umi,2,qpsk,0,16.136199108691603,2,1,1,1,4.0,1,9.861098721029009,,3500000000.0,8,1024,1,4,2,0.30078125,704,0.01,frozen,11,1913210900,7.3868489265441895,channels/ch_000006.npz,14.123191857750431,14.145603585821283,11.039256743396168,14.150255456287326,13.757097087531772,ok,ok,ok,ok,ok,-0.24817949756706134,0.0,2.2274599075317383,1.002801537513733,1.0000025033950806,4.0,1.0
6,umi,2,qam16,1,16.136199108691603,2,1,1,1,4.0,1,9.861098721029009,,3500000000.0,8,1024,1,14,4,0.5400390625,2472,0.01,frozen,9,1913210900,6.474772214889526,channels/ch_000006.npz,20.74131968875801,20.741779984839535,19.244892414468094,20.74010474107982,20.258652354250515,ok,ok,ok,ok,ok,-0.24817949756706134,0.0,2.2274599075317383,1.002801537513733,1.0000025033950806,4.0,1.0
7,uma,3,qpsk,0,12.895625329367634,3,2,1,2,4.0,1,9.102101987161866,,3500000000.0,8,1024,1,4,2,0.30078125,704,0.01,frozen,12,737611015,10.052892208099365,channels/ch_000007.npz,18.64095598262757,19.464400072070987,14.760609986516632,19.491401900193843,16.75,ok,ok,ok,ok,ok,-2.3299785562764477,6.279779434204102,3.0627150535583496,0.9281613826751709,0.999698281288147,4.0,2.0
7,uma,3,qam16,1,12.895625329367634,3,2,1,2,4.0,1,9.102101987161866,,3500000000.0,8,1024,1,14,4,0.5400390625,2472,0.01,frozen,7,737611015,5.25158429145813,channels/ch_000007.npz,,,23.910812863791122,,,not_reached,not_reached,ok,not_reached,not_reached,-2.3299785562764477,6.279779434204102,3.0627150535583496,0.9281613826751709,0.999698281288147,4.0,2.0
8,cdl-b,0,qpsk,0,7.4373078742256515,2,2,2,4,4.0,2,8.450410898757422,337.4888684699594,3500000000.0,8,1024,1,4,2,0.30078125,1416,0.01,frozen,15,1535063097,19.325881719589233,channels/ch_000008.npz,20.97405988737039,17.510887744789553,14.029658169102362,19.55499016342068,14.25,ok,ok,ok,ok,ok,-0.21959998169397327,23.252098083496094,7.02384090423584,0.9960331320762634,0.9999786019325256,4.0,4.0
8,cdl-b,0,qam16,1,7.4373078742256515,2,2,2,4,4.0,2,8.450410898757422,337.4888684699594,3500000000.0,8,1024,1,14,4,0.5400390625,4992,0.01,frozen,8,1535063097,15.867122411727905,channels/ch_000008.npz,,29.470850095735614,25.2623013982352,,25.359090912181262,not_reached,ok,ok,not_reached,ok,-0.21959998169397327,23.252098083496094,7.02384090423584,0.9960331320762634,0.9999786019325256,4.0,4.0
9,cdl-c,1,qpsk,0,8.593629595287613,1,3,1,3,4.0,1,9.743057413039445,111.11328483008735,3500000000.0,8,1024,1,4,2,0.30078125,704,0.01,frozen,11,297153452,11.259174108505249,channels/ch_000009.npz,,14.120827946473149,12.615876261369781,14.209648218148255,14.25,not_reached,ok,ok,ok,ok,-0.32534723041395364,13.870450973510742,5.336437225341797,0.9995521306991577,0.9999309778213501,4.0,3.0
9,cdl-c,1,qam16,1,8.593629595287613,1,3,1,3,4.0,1,9.743057413039445,111.11328483008735,3500000000.0,8,1024,1,14,4,0.5400390625,2472,0.01,frozen,9,297153452,11.856954097747803,channels/ch_000009.npz,,22.736848624260837,21.04101836226586,22.816349275186234,22.794234993683578,not_reached,ok,ok,ok,ok,-0.32534723041395364,13.870450973510742,5.336437225341797,0.9995521306991577,0.9999309778213501,4.0,3.0
10,cdl-b,0,qpsk,0,7.237050797759716,2,3,1,3,4.0,1,5.080700297981997,48.30277834570453,3500000000.0,8,1024,1,4,2,0.30078125,704,0.01,frozen,12,1077359274,12.77031421661377,channels/ch_000010.npz,15.306742869624852,15.49732883918344,13.57669002738062,16.14274387499369,12.741777414246865,ok,ok,ok,ok,ok,0.5507991642309154,16.71235466003418,5.787485122680664,1.0004291534423828,0.9999032616615295,4.0,3.0
10,cdl-b,0,qam16,1,7.237050797759716,2,3,1,3,4.0,1,5.080700297981997,48.30277834570453,3500000000.0,8,1024,1,14,4,0.5400390625,2472,0.01,frozen,10,1077359274,13.426819086074829,channels/ch_000010.npz,,24.21393721530197,22.37205058198152,24.327340747894986,22.189935634721795,not_reached,ok,ok,ok,ok,0.5507991642309154,16.71235466003418,5.787485122680664,1.0004291534423828,0.9999032616615295,4.0,3.0
11,uma,3,qpsk,0,14.24094839161264,2,1,1,1,4.0,1,7.359127967738502,,3500000000.0,8,1024,1,4,2,0.30078125,704,0.01,frozen,13,1383139208,7.680514097213745,channels/ch_000011.npz,16.713682007787042,16.710351127743095,11.752551199715434,16.734895206804577,12.75,ok,ok,ok,ok,ok,-1.8647514570008195,0.0,1.6915500164031982,0.9998538494110107,0.9994749426841736,4.0,1.0
11,uma,3,qam16,1,14.24094839161264,2,1,1,1,4.0,1,7.359127967738502,,3500000000.0,8,1024,1,14,4,0.5400390625,2472,0.01,frozen,11,1383139208,7.959963798522949,channels/ch_000011.npz,22.735820184391994,22.72976544271588,20.075834451001562,22.739011653998915,19.4549855871141,ok,ok,ok,ok,ok,-1.8647514570008195,0.0,1.6915500164031982,0.9998538494110107,0.9994749426841736,4.0,1.0
12,uma,3,qpsk,0,0.7248334714415883,2,3,1,3,4.0,1,7.21399718897311,,3500000000.0,8,1024,1,4,2,0.30078125,704,0.01,frozen,13,460676859,15.098526954650879,channels/ch_000012.npz,13.257935782698626,10.944003504747629,8.30109761288791,11.467448347624337,9.88297924991881,ok,ok,ok,ok,ok,-0.13136781014789833,11.594322204589844,5.774020671844482,0.990178644657135,0.9999125599861145,4.0,3.0
12,uma,3,qam16,1,0.7248334714415883,2,3,1,3,4.0,1,7.21399718897311,,3500000000.0,8,1024,1,14,4,0.5400390625,2472,0.01,frozen,13,460676859,17.888391733169556,channels/ch_000012.npz,,20.735811645442244,17.247980973145957,20.795040042816105,19.902719079812147,not_reached,ok,ok,ok,ok,-0.13136781014789833,11.594322204589844,5.774020671844482,0.990178644657135,0.9999125599861145,4.0,3.0
13,cdl-c,1,qpsk,0,0.0,0,4,1,4,4.0,1,3.2867646531615793,322.2304548607318,3500000000.0,8,1024,1,4,2,0.30078125,704,0.01,frozen,17,1506302957,20.520415782928467,channels/ch_000013.npz,5.6346782653195735,0.14655324482099275,-3.0115836861268073,11.445526329626475,0.14655324482099275,ok,ok,ok,ok,ok,0.025272827021746245,25.4258975982666,7.125807285308838,0.9994218945503235,0.9999978542327881,4.0,4.0
13,cdl-c,1,qam16,1,0.0,0,4,1,4,4.0,1,3.2867646531615793,322.2304548607318,3500000000.0,8,1024,1,14,4,0.5400390625,2472,0.01,frozen,15,1506302957,22.112313747406006,channels/ch_000013.npz,,17.855035029384553,15.115485201969495,23.25,17.855035029384553,not_reached,ok,ok,ok,ok,0.025272827021746245,25.4258975982666,7.125807285308838,0.9994218945503235,0.9999978542327881,4.0,4.0
14,uma,3,qpsk,0,10.110480970911418,2,2,2,4,4.0,2,7.45061745618829,,3500000000.0,8,1024,1,4,2,0.30078125,1416,0.01,frozen,17,1746448699,18.765013933181763,channels/ch_000014.npz,,26.169792548324576,24.50682202964833,26.6907946136219,17.23576230192977,not_reached,ok,ok,ok,ok,1.6091089763019693,21.951866149902344,7.3198676109313965,1.001152515411377,0.9999959468841553,4.0,4.0
14,uma,3,qam16,1,10.110480970911418,2,2,2,4,4.0,2,7.45061745618829,,3500000000.0,8,1024,1,14,4,0.5400390625,4992,0.01,frozen,5,1746448699,1.6423275470733643,channels/ch_000014.npz,,,,,,not_reached,not_reached,not_reached,not_reached,not_reached,1.6091089763019693,21.951866149902344,7.3198676109313965,1.001152515411377,0.9999959468841553,4.0,4.0
15,cdl-c,1,qpsk,0,19.519312603376658,1,4,1,4,4.0,1,8.087989662234047,154.32839663818237,3500000000.0,8,1024,1,4,2,0.30078125,704,0.01,frozen,14,1704137529,18.569879293441772,channels/ch_000015.npz,,25.565857960799697,22.987839956751955,25.573033434303756,16.759293666844773,not_reached,ok,ok,ok,ok,0.2628518009522025,17.682039260864258,7.094948768615723,1.0005830526351929,0.9999381899833679,4.0,4.0
15,cdl-c,1,qam16,1,19.519312603376658,1,4,1,4,4.0,1,8.087989662234047,154.32839663818237,3500000000.0,8,1024,1,14,4,0.5400390625,2472,0.01,frozen,5,1704137529,1.1889400482177734,channels/ch_000015.npz,,,,,,not_reached,not_reached,not_reached,not_reached,not_reached,0.2628518009522025,17.682039260864258,7.094948768615723,1.0005830526351929,0.9999381899833679,4.0,4.0
16,umi,2,qpsk,0,8.233139048775538,1,1,2,2,4.0,2,5.993640113287825,,3500000000.0,8,1024,1,4,2,0.30078125,1416,0.01,frozen,17,53674496,16.10939121246338,channels/ch_000016.npz,11.75,15.822834111787037,13.781753362821407,16.112379917773012,9.76508562052348,ok,ok,ok,ok,ok,2.050631549203251,13.019085884094238,4.331487655639648,0.9983066916465759,0.9999895691871643,4.0,2.0
16,umi,2,qam16,1,8.233139048775538,1,1,2,2,4.0,2,5.993640113287825,,3500000000.0,8,1024,1,14,4,0.5400390625,4992,0.01,frozen,14,53674496,18.105021476745605,channels/ch_000016.npz,,27.244199152223803,23.398361177744086,27.213158742774613,19.706052970286624,not_reached,ok,ok,ok,ok,2.050631549203251,13.019085884094238,4.331487655639648,0.9983066916465759,0.9999895691871643,4.0,2.0
17,umi,2,qpsk,0,13.975858654329746,1,3,1,3,4.0,1,3.167571388891668,,3500000000.0,8,1024,1,4,2,0.30078125,704,0.01,frozen,14,101033441,15.185648202896118,channels/ch_000017.npz,14.154558635830012,9.686283173567027,7.465012912193868,9.804008887400757,8.198332864139758,ok,ok,ok,ok,ok,0.8710492939593494,11.572853088378906,6.464858055114746,1.0019848346710205,0.9999863505363464,4.0,3.0
17,umi,2,qam16,1,13.975858654329746,1,3,1,3,4.0,1,3.167571388891668,,3500000000.0,8,1024,1,14,4,0.5400390625,2472,0.01,frozen,11,101033441,17.63944983482361,channels/ch_000017.npz,,17.844770623967438,16.04574443179781,18.009186966372063,16.708178873864018,not_reached,ok,ok,ok,ok,0.8710492939593494,11.572853088378906,6.464858055114746,1.0019848346710205,0.9999863505363464,4.0,3.0
18,cdl-c,1,qpsk,0,13.07456627685533,2,1,1,1,4.0,1,6.343761681187855,124.45948752026565,3500000000.0,8,1024,1,4,2,0.30078125,704,0.01,frozen,11,1461100399,6.807128667831421,channels/ch_000018.npz,15.383477314262185,15.378127254713219,13.10385075846271,15.381613181622843,9.75,ok,ok,ok,ok,ok,-0.5664834176113034,0.0,2.1440935134887695,0.9998191595077515,0.9999691247940063,4.0,1.0
18,cdl-c,1,qam16,1,13.07456627685533,2,1,1,1,4.0,1,6.343761681187855,124.45948752026565,3500000000.0,8,1024,1,14,4,0.5400390625,2472,0.01,frozen,11,1461100399,9.333873987197876,channels/ch_000018.npz,22.57176239650115,22.576707512786676,21.252403265607878,22.57731767836977,16.75,ok,ok,ok,ok,ok,-0.5664834176113034,0.0,2.1440935134887695,0.9998191595077515,0.9999691247940063,4.0,1.0
19,cdl-b,0,qpsk,0,0.2350516021609761,1,2,1,2,4.0,1,6.069746890871686,262.58731387248275,3500000000.0,8,1024,1,4,2,0.30078125,704,0.01,frozen,11,1160499806,9.724622964859009,channels/ch_000019.npz,-2.013252049293321,-2.6244976471640014,-5.623016051327196,-2.040117587510592,-2.3960334577312463,ok,ok,ok,ok,ok,1.0044515275255848,5.260766506195068,4.828393936157227,0.9979992508888245,0.9999369978904724,4.0,2.0
19,cdl-b,0,qam16,1,0.2350516021609761,1,2,1,2,4.0,1,6.069746890871686,262.58731387248275,3500000000.0,8,1024,1,14,4,0.5400390625,2472,0.01,frozen,15,1160499806,20.34255313873291,channels/ch_000019.npz,,4.499801230748074,2.8132693609160584,4.712626364911581,4.71417383023896,not_reached,ok,ok,ok,ok,1.0044515275255848,5.260766506195068,4.828393936157227,0.9979992508888245,0.9999369978904724,4.0,2.0
20,cdl-c,1,qpsk,0,19.152506139240582,1,2,2,4,4.0,2,6.48895896741015,53.514818215038254,3500000000.0,8,1024,1,4,2,0.30078125,1416,0.01,frozen,16,1519498717,13.417580366134644,channels/ch_000020.npz,22.03642814276134,22.186945592348962,19.37432478344301,22.26995477028027,17.75,ok,ok,ok,ok,ok,0.5113346995678638,13.601430892944336,7.912038803100586,0.9999258518218994,0.999955415725708,4.0,4.0
20,cdl-c,1,qam16,1,19.152506139240582,1,2,2,4,4.0,2,6.48895896741015,53.514818215038254,3500000000.0,8,1024,1,14,4,0.5400390625,4992,0.01,frozen,13,1519498717,18.964658975601196,channels/ch_000020.npz,,,28.368974796611322,,27.057419147458024,not_reached,not_reached,ok,not_reached,ok,0.5113346995678638,13.601430892944336,7.912038803100586,0.9999258518218994,0.999955415725708,4.0,4.0
21,umi,2,qpsk,0,17.43250202478298,2,3,1,3,4.0,1,5.6302685353677955,,3500000000.0,8,1024,1,4,2,0.30078125,704,0.01,frozen,12,907861049,11.90531611442566,channels/ch_000021.npz,20.75,24.439670170157846,22.318560172991035,24.49469499584169,20.75,ok,ok,ok,ok,ok,0.37705325211066976,10.016295433044434,6.284650802612305,0.9924576878547668,0.9999253749847412,4.0,3.0
21,umi,2,qam16,1,17.43250202478298,2,3,1,3,4.0,1,5.6302685353677955,,3500000000.0,8,1024,1,14,4,0.5400390625,2472,0.01,frozen,2,907861049,0.5365490913391113,channels/ch_000021.npz,,,,,,not_reached,not_reached,not_reached,not_reached,not_reached,0.37705325211066976,10.016295433044434,6.284650802612305,0.9924576878547668,0.9999253749847412,4.0,3.0
22,cdl-b,0,qpsk,0,12.2406137371168,2,1,2,2,4.0,2,5.773478231145018,309.2831824047341,3500000000.0,8,1024,1,4,2,0.30078125,1416,0.01,frozen,11,299446364,8.846804141998291,channels/ch_000022.npz,13.040317454574566,13.339043968415732,11.773853320499004,13.338773453883732,10.92170438898304,ok,ok,ok,ok,ok,2.2206218391949397,4.355294704437256,5.477014541625977,0.9989801645278931,0.9999927282333374,4.0,2.0
22,cdl-b,0,qam16,1,12.2406137371168,2,1,2,2,4.0,2,5.773478231145018,309.2831824047341,3500000000.0,8,1024,1,14,4,0.5400390625,4992,0.01,frozen,15,299446364,21.849198579788208,channels/ch_000022.npz,24.0938846235317,22.739689980158417,21.267842432263503,22.80748921667518,18.684715261920942,ok,ok,ok,ok,ok,2.2206218391949397,4.355294704437256,5.477014541625977,0.9989801645278931,0.9999927282333374,4.0,2.0
23,cdl-b,0,qpsk,0,0.3716790747563037,3,3,1,3,4.0,1,6.398028858262268,199.820486271892,3500000000.0,8,1024,1,4,2,0.30078125,704,0.01,frozen,12,657041791,13.275358200073242,channels/ch_000023.npz,9.024831148231588,6.349131758035047,4.616437436569038,7.75,4.974918657061893,ok,ok,ok,ok,ok,-0.04167145391457974,11.174413681030273,5.683844566345215,0.9982743859291077,0.9999178647994995,4.0,3.0
23,cdl-b,0,qam16,1,0.3716790747563037,3,3,1,3,4.0,1,6.398028858262268,199.820486271892,3500000000.0,8,1024,1,14,4,0.5400390625,2472,0.01,frozen,12,657041791,16.489985466003418,channels/ch_000023.npz,,15.19708910243556,13.253091693980009,15.521342858134194,14.000496303193708,not_reached,ok,ok,ok,ok,-0.04167145391457974,11.174413681030273,5.683844566345215,0.9982743859291077,0.9999178647994995,4.0,3.0
24,cdl-b,0,qpsk,0,7.603645524207692,2,1,2,2,4.0,2,8.886172798410387,42.85400953644076,3500000000.0,8,1024,1,4,2,0.30078125,1416,0.01,frozen,12,63866314,9.373701095581055,channels/ch_000024.npz,12.165261638885251,12.303938130183862,10.717856911920062,12.327867425242596,9.380983900546191,ok,ok,ok,ok,ok,-0.3134097571618698,4.276416778564453,4.2806196212768555,0.999785840511322,0.9999733567237854,4.0,2.0
24,cdl-b,0,qam16,1,7.603645524207692,2,1,2,2,4.0,2,8.886172798410387,42.85400953644076,3500000000.0,8,1024,1,14,4,0.5400390625,4992,0.01,frozen,13,63866314,16.472264289855957,channels/ch_000024.npz,22.8943204051101,20.729396308905116,19.241995187527028,20.674745042088016,16.936279264826464,ok,ok,ok,ok,ok,-0.3134097571618698,4.276416778564453,4.2806196212768555,0.999785840511322,0.9999733567237854,4.0,2.0
25,umi,2,qpsk,0,6.316993454503352,2,2,1,2,4.0,1,8.420843292778935,,3500000000.0,8,1024,1,4,2,0.30078125,704,0.01,frozen,12,314834697,9.38722014427185,channels/ch_000025.npz,13.976276036156102,12.523625886981023,11.074622266359627,12.67699684159756,8.75,ok,ok,ok,ok,ok,-0.9028611391687547,5.078647613525391,3.7628421783447266,1.0051617622375488,0.9999370574951172,4.0,2.0
25,umi,2,qam16,1,6.316993454503352,2,2,1,2,4.0,1,8.420843292778935,,3500000000.0,8,1024,1,14,4,0.5400390625,2472,0.01,frozen,13,314834697,19.678136110305786,channels/ch_000025.npz,,21.34414104921328,19.25737191119352,21.375588379938876,16.029308931673246,not_reached,ok,ok,ok,ok,-0.9028611391687547,5.078647613525391,3.7628421783447266,1.0051617622375488,0.9999370574951172,4.0,2.0
26,uma,3,qpsk,0,18.517347100541354,2,1,2,2,4.0,2,7.000112224898359,,3500000000.0,8,1024,1,4,2,0.30078125,1416,0.01,frozen,17,397704447,14.092551469802856,channels/ch_000026.npz,23.134870200683228,25.059936582855187,22.531445367786123,24.9947699117721,18.200232438598974,ok,ok,ok,ok,ok,-0.46609871302583994,7.518209934234619,3.85591459274292,0.9996653199195862,0.9997274875640869,4.0,2.0
26,uma,3,qam16,1,18.517347100541354,2,1,2,2,4.0,2,7.000112224898359,,3500000000.0,8,1024,1,14,4,0.5400390625,4992,0.01,frozen,8,397704447,6.115562915802002,channels/ch_000026.npz,,,,,27.0559129003725,not_reached,not_reached,not_reached,not_reached,ok,-0.46609871302583994,7.518209934234619,3.85591459274292,0.9996653199195862,0.9997274875640869,4.0,2.0
27,uma,3,qpsk,0,1.3320143765559078,1,4,1,4,4.0,1,8.02016960865778,,3500000000.0,8,1024,1,4,2,0.30078125,704,0.01,frozen,19,575121204,24.008214473724365,channels/ch_000027.npz,,5.334042729943544,3.25,9.717967698356667,4.889219361737063,not_reached,ok,ok,ok,ok,-0.9341738086475257,20.782432556152344,5.9289655685424805,0.9832163453102112,0.9998350143432617,4.0,4.0
27,uma,3,qam16,1,1.3320143765559078,1,4,1,4,4.0,1,8.02016960865778,,3500000000.0,8,1024,1,14,4,0.5400390625,2472,0.01,frozen,17,575121204,26.2892107963562,channels/ch_000027.npz,,18.397803691480995,13.539436488302368,23.183867177635634,17.802499353816327,not_reached,ok,ok,ok,ok,-0.9341738086475257,20.782432556152344,5.9289655685424805,0.9832163453102112,0.9998350143432617,4.0,4.0
28,umi,2,qpsk,0,16.863249151951536,3,2,2,4,4.0,2,6.238288991695244,,3500000000.0,8,1024,1,4,2,0.30078125,1416,0.01,frozen,13,1606638152,10.981285095214844,channels/ch_000028.npz,29.1035920635601,,,,22.65035407480347,ok,not_reached,not_reached,not_reached,ok,-1.8716113761521567,18.091684341430664,5.532644271850586,0.9988827109336853,0.9999882578849792,4.0,4.0
28,umi,2,qam16,1,16.863249151951536,3,2,2,4,4.0,2,6.238288991695244,,3500000000.0,8,1024,1,14,4,0.5400390625,4992,0.01,frozen,5,1606638152,1.6363246440887451,channels/ch_000028.npz,,,,,,not_reached,not_reached,not_reached,not_reached,not_reached,-1.8716113761521567,18.091684341430664,5.532644271850586,0.9988827109336853,0.9999882578849792,4.0,4.0
29,cdl-b,0,qpsk,0,5.939519773279054,3,4,1,4,4.0,1,4.444667872049343,30.270823015989944,3500000000.0,8,1024,1,4,2,0.30078125,704,0.01,frozen,13,1107937551,15.156877040863037,channels/ch_000029.npz,14.615201715102737,13.031966879164878,10.716939492525126,14.516093669113225,10.582746408182647,ok,ok,ok,ok,ok,0.048821947107943284,17.154373168945312,7.3787078857421875,0.9999943375587463,0.999956488609314,4.0,4.0
29,cdl-b,0,qam16,1,5.939519773279054,3,4,1,4,4.0,1,4.444667872049343,30.270823015989944,3500000000.0,8,1024,1,14,4,0.5400390625,2472,0.01,frozen,13,1107937551,16.959837436676025,channels/ch_000029.npz,,22.185370883990664,19.981476279235004,22.43620322829568,20.64539091592122,not_reached,ok,ok,ok,ok,0.048821947107943284,17.154373168945312,7.3787078857421875,0.9999943375587463,0.999956488609314,4.0,4.0
30,cdl-c,1,qpsk,0,0.0,0,3,1,3,4.0,1,5.1002318905051,37.696866111069724,3500000000.0,8,1024,1,4,2,0.30078125,704,0.01,frozen,15,1320547355,13.499423027038574,channels/ch_000030.npz,-0.4957417712127002,-0.9510029269996059,-4.2097604593515605,1.2250767453597693,-0.9510029269996059,ok,ok,ok,ok,ok,-0.6156224946424939,10.273612976074219,5.732558250427246,1.0000600814819336,0.9999585747718811,4.0,3.0
30,cdl-c,1,qam16,1,0.0,0,3,1,3,4.0,1,5.1002318905051,37.696866111069724,3500000000.0,8,1024,1,14,4,0.5400390625,2472,0.01,frozen,14,1320547355,18.627816915512085,channels/ch_000030.npz,,8.36370282198739,6.22920848509848,8.84987666312916,8.36370282198739,not_reached,ok,ok,ok,ok,-0.6156224946424939,10.273612976074219,5.732558250427246,1.0000600814819336,0.9999585747718811,4.0,3.0
31,umi,2,qpsk,0,11.233169482706218,1,2,1,2,4.0,1,3.6565870481214544,,3500000000.0,8,1024,1,4,2,0.30078125,704,0.01,frozen,13,171820409,10.26296067237854,channels/ch_000031.npz,14.234887168384576,14.15313483743499,12.871123059565488,14.27578717154513,4.846518563535218,ok,ok,ok,ok,ok,-2.574517741334437,3.8411431312561035,3.223761558532715,0.999393880367279,0.9999449253082275,4.0,2.0
31,umi,2,qam16,1,11.233169482706218,1,2,1,2,4.0,1,3.6565870481214544,,3500000000.0,8,1024,1,14,4,0.5400390625,2472,0.01,frozen,15,171820409,18.833075523376465,channels/ch_000031.npz,,22.40128137870735,21.183675726465275,22.436197002033875,12.072701621113124,not_reached,ok,ok,ok,ok,-2.574517741334437,3.8411431312561035,3.223761558532715,0.999393880367279,0.9999449253082275,4.0,2.0
32,umi,2,qpsk,0,9.591741921519397,3,1,2,2,4.0,2,9.387061255806268,,3500000000.0,8,1024,1,4,2,0.30078125,1416,0.01,frozen,12,1504025325,8.287245512008667,channels/ch_000032.npz,15.48691967297646,15.68932002761066,13.587017756495312,15.734656786766234,11.25,ok,ok,ok,ok,ok,0.026864035377633523,3.8371551036834717,4.317779541015625,0.9931095838546753,0.9995855689048767,4.0,2.0
32,umi,2,qam16,1,9.591741921519397,3,1,2,2,4.0,2,9.387061255806268,,3500000000.0,8,1024,1,14,4,0.5400390625,4992,0.01,frozen,16,1504025325,18.546313285827637,channels/ch_000032.npz,27.2851517314951,24.62835560712795,22.694187610770243,24.628640254493355,19.14805835874857,ok,ok,ok,ok,ok,0.026864035377633523,3.8371551036834717,4.317779541015625,0.9931095838546753,0.9995855689048767,4.0,2.0
33,cdl-c,1,qpsk,0,16.503711435154848,3,3,1,3,4.0,1,4.780174627887453,72.15813491241033,3500000000.0,8,1024,1,4,2,0.30078125,704,0.01,frozen,14,1295810139,11.56070852279663,channels/ch_000033.npz,,24.649259591522686,22.714020123453466,24.662607570978846,20.622958379041172,not_reached,ok,ok,ok,ok,-0.43582381602224857,11.609245300292969,5.299944877624512,0.9996863603591919,0.999959409236908,4.0,3.0
33,cdl-c,1,qam16,1,16.503711435154848,3,3,1,3,4.0,1,4.780174627887453,72.15813491241033,3500000000.0,8,1024,1,14,4,0.5400390625,2472,0.01,frozen,6,1295810139,3.83968448638916,channels/ch_000033.npz,,,,,29.065779096276387,not_reached,not_reached,not_reached,not_reached,ok,-0.43582381602224857,11.609245300292969,5.299944877624512,0.9996863603591919,0.999959409236908,4.0,3.0
34,cdl-c,1,qpsk,0,5.486329080931958,3,2,2,4,4.0,2,6.359761755106381,141.84989374975984,3500000000.0,8,1024,1,4,2,0.30078125,1416,0.01,frozen,16,674763406,18.910077571868896,channels/ch_000034.npz,,17.47174710895691,15.233325635530354,19.149565798254976,13.75,not_reached,ok,ok,ok,ok,-1.7072632496438285,18.323833465576172,5.420321464538574,0.9977899789810181,0.9997988343238831,4.0,4.0
34,cdl-c,1,qam16,1,5.486329080931958,3,2,2,4,4.0,2,6.359761755106381,141.84989374975984,3500000000.0,8,1024,1,14,4,0.5400390625,4992,0.01,frozen,12,674763406,23.179967164993286,channels/ch_000034.npz,,28.018920123660394,25.691559415258507,28.168638966529727,23.631172462193902,not_reached,ok,ok,ok,ok,-1.7072632496438285,18.323833465576172,5.420321464538574,0.9977899789810181,0.9997988343238831,4.0,4.0
35,cdl-b,0,qpsk,0,12.558550224504154,1,2,2,4,4.0,2,9.045112127909757,46.45558579873332,3500000000.0,8,1024,1,4,2,0.30078125,1416,0.01,frozen,14,1543679210,17.120789289474487,channels/ch_000035.npz,,27.230226927033183,24.513577980661047,27.677488291932523,13.798534148632328,not_reached,ok,ok,ok,ok,-0.017365327320006476,22.960172653198242,6.982216835021973,0.9997292757034302,0.9998872876167297,4.0,4.0
35,cdl-b,0,qam16,1,12.558550224504154,1,2,2,4,4.0,2,9.045112127909757,46.45558579873332,3500000000.0,8,1024,1,14,4,0.5400390625,4992,0.01,frozen,3,1543679210,1.057037591934204,channels/ch_000035.npz,,,,,,not_reached,not_reached,not_reached,not_reached,not_reached,-0.017365327320006476,22.960172653198242,6.982216835021973,0.9997292757034302,0.9998872876167297,4.0,4.0
36,cdl-b,0,qpsk,0,0.0,0,2,2,4,4.0,2,9.151340585961371,88.44258885797024,3500000000.0,8,1024,1,4,2,0.30078125,1416,0.01,frozen,14,258663897,25.97434377670288,channels/ch_000036.npz,5.074350358014057,-0.75,-3.75,4.780696910861865,-0.75,ok,ok,ok,ok,ok,0.01958664864328486,19.102130889892578,7.210623264312744,1.000852346420288,0.9999213218688965,4.0,4.0
36,cdl-b,0,qam16,1,0.0,0,2,2,4,4.0,2,9.151340585961371,88.44258885797024,3500000000.0,8,1024,1,14,4,0.5400390625,4992,0.01,frozen,15,258663897,50.30862545967102,channels/ch_000036.npz,,10.98739905674996,8.092810721339784,14.245749437135446,10.98739905674996,not_reached,ok,ok,ok,ok,0.01958664864328486,19.102130889892578,7.210623264312744,1.000852346420288,0.9999213218688965,4.0,4.0
37,cdl-b,0,qpsk,0,1.711662717323592,1,3,1,3,4.0,1,4.609460382583935,144.7777523210943,3500000000.0,8,1024,1,4,2,0.30078125,704,0.01,frozen,18,1500694750,19.24218988418579,channels/ch_000037.npz,,3.75,1.856400644679955,4.75,2.3276990237357924,not_reached,ok,ok,ok,ok,0.8620882727409105,14.010391235351562,5.809216022491455,0.997099757194519,0.9999329447746277,4.0,3.0
37,cdl-b,0,qam16,1,1.711662717323592,1,3,1,3,4.0,1,4.609460382583935,144.7777523210943,3500000000.0,8,1024,1,14,4,0.5400390625,2472,0.01,frozen,13,1500694750,17.135429620742798,channels/ch_000037.npz,,12.293863962406899,10.75,12.577607023041491,10.773362754756933,not_reached,ok,ok,ok,ok,0.8620882727409105,14.010391235351562,5.809216022491455,0.997099757194519,0.9999329447746277,4.0,3.0
38,cdl-c,1,qpsk,0,19.427504281035553,2,1,2,2,4.0,2,4.229165014278928,111.97550041758316,3500000000.0,8,1024,1,4,2,0.30078125,1416,0.01,frozen,12,2114632343,10.756434440612793,channels/ch_000038.npz,20.241113771426235,20.83449532978633,19.169945106960434,20.84146934694495,19.118833243137548,ok,ok,ok,ok,ok,0.9331462430281834,2.662912368774414,5.0385870933532715,1.0003689527511597,0.9999992251396179,4.0,2.0
38,cdl-c,1,qam16,1,19.427504281035553,2,1,2,2,4.0,2,4.229165014278928,111.97550041758316,3500000000.0,8,1024,1,14,4,0.5400390625,4992,0.01,frozen,12,2114632343,11.007343530654907,channels/ch_000038.npz,28.698995803865376,29.60312262840137,28.152127708572845,29.615951213850664,26.694781813051172,ok,ok,ok,ok,ok,0.9331462430281834,2.662912368774414,5.0385870933532715,1.0003689527511597,0.9999992251396179,4.0,2.0
39,uma,3,qpsk,0,1.788593653384043,2,2,2,4,4.0,2,6.717967239868679,,3500000000.0,8,1024,1,4,2,0.30078125,1416,0.01,frozen,15,1548621715,15.898571491241455,channels/ch_000039.npz,7.583475796987839,6.1769043200702844,3.6376457147504038,7.44565319349982,5.75,ok,ok,ok,ok,ok,2.773611528916538,11.229496002197266,10.450815200805664,1.0038667917251587,0.9999892115592957,4.0,4.0
39,uma,3,qam16,1,1.788593653384043,2,2,2,4,4.0,2,6.717967239868679,,3500000000.0,8,1024,1,14,4,0.5400390625,4992,0.01,frozen,15,1548621715,35.34193992614746,channels/ch_000039.npz,,15.745192257667933,13.106142206919358,16.110985330189905,14.423087203170422,not_reached,ok,ok,ok,ok,2.773611528916538,11.229496002197266,10.450815200805664,1.0038667917251587,0.9999892115592957,4.0,4.0
